symbol,t_score
1STCUS,100
20MICRONS,100
21STCENMGM,100
360ONE,75
3BBLACKBIO,62
3CIT,
3IINFOLTD,12
3MINDIA,100
3PLAND,75
3RDROCK,
4THGEN,75
5PAISA,0
63MOONS,38
7NR,12
7SEASL,88
7TEC,38
A2ZINFRA,100
AAATECH,38
AADHAARVEN,
AADHARHFC,50
AADIIND,75
AAGAMCAP,
AAIL,0
AAKASH,50
AAL,12
AANANDALAK,0
AANCHALISP,12
AAPLUSTRAD,
AARCOM,
AAREYDRUGS,12
AARNAV,62
AARON,12
AARSHYAM,58
AARTECH,50
AARTIDRUGS,50
AARTIIND,75
AARTIPHARM,75
AARTISURF,62
AARVEEDEN,38
AARVI,38
AASHKA,
AASTAFIN,25
AATMAJ,0
AAVAS,75
AAYUSH,100
ABAN,50
ABANSENT,25
ABATEAS,75
ABB,75
ABBOTINDIA,62
ABCAPITAL,75
ABCGAS,75
ABCINDQ,0
ABCOTS,75
ABFRL,75
ABHICAP,88
ABHIFIN,50
ABHIINFRA,12
ABHIJIT,
ABHISHEK,
ABINFRA,75
ABIRAFN,25
ABMINTLLTD,62
ABMKNO,75
ABNINT,
ABSLAMC,75
ABSMARINE,100
ABVL,50
ACC,75
ACCEDERE,75
ACCEL,0
ACCELERATE,
ACCELYA,62
ACCENTMIC,0
ACCORD,62
ACCURACY,62
ACE,62
ACEEDU,100
ACEENGITEC,
ACEINTEG,12
ACEMEN,25
ACESOFT,75
ACEWIN,
ACFL,-1
ACFSL,
ACGL,100
ACHAL,
ACHYUT,
ACI,62
ACIASIA,
ACIIN,12
ACIL,
ACKNIT,62
ACL,25
ACLGATI,25
ACME,0
ACML,
ACROW,62
ACSAL,0
ACTIONFI,
ACTIVE,12
ADANIENSOL,38
ADANIENT,50
ADANIGREEN,38
ADANIPORTS,75
ADANIPOWER,50
ADARSH,75
ADARSHPL,75
ADCINDIA,100
ADCON,38
ADDIND,38
ADESHWAR,
ADFFOODS,75
ADHBHUTIN,12
ADHIRAJ,
ADIEXRE,12
ADINATH,25
ADISHAKTI,
ADITRI,
ADITYA,62
ADITYASP,12
ADJIA,100
ADL,62
ADLINE,12
ADMANUM,38
ADORFO,88
ADORMUL,75
ADORWELD,25
ADROITINFO,25
ADSL,88
ADTECH,-1
ADTYFRG,
ADVAIT,62
ADVANIHOTR,50
ADVENT,
ADVENZYMES,75
ADVIKCA,0
ADVIKLA,75
ADVLIFE,25
ADVMULT,
ADVPETR-B,38
ADVPOWER,
AEGISLOG,75
AEL,75
AEONXDIGI,38
AEPL,0
AEROFLEX,83
AERPACE,62
AETHER,50
AFEL,75
AFFLE,75
AFFORDABLE,
AGARIND,75
AGARWAL,38
AGARWALFT,
AGI,12
AGIIL,25
AGIOPAPER,25
AGNI,37.5
AGOL,0
AGRIMONY,
AGRITECH,50
AGROPHOS,50
AGSTRA,38
AGUL,0
AHASOLAR,
AHIMSA,
AHL,75
AHLADA,12
AHLEAST,25
AHLUCONT,50
AHLWEST,
AHMDSTE,100
AIAENG,100
AICHAMP,38
AIFL,
AIHL,17
AIIL,75
AIKPIPES,
AILIMITED,
AIMCOPEST,12
AIML,75
AIMTRON,-1
AIRAN,62
AIRLTD,33
AIROLAM,25
AISL,
AJANTPHARM,62
AJANTSOY,38
AJCON,0
AJEL,50
AJIL,
AJMERA,75
AJOONI,12
AJRINFRA,
AJWAFUN,
AKANKSHA,0
AKASH,0
AKCAPIT,75
AKG,25
AKI,50
AKM,
AKSHAR,12
AKSHARCHEM,88
AKSHOPTFBR,0
AKSPINTEX,75
AKZOINDIA,100
ALAN SCOTT,50
ALANKIT,50
ALBERTDAVD,88
ALCHCORP,0
ALCHEM,
ALEMBICLTD,100
ALEXANDER,12
ALFAICA,75
ALFATRAN,25
ALFAVIO,0
ALFL,62
ALFREDHE,38
ALICON,75
ALKA,
ALKALI,88
ALKASEC,
ALKEM,38
ALKOSIGN,
ALKYLAMINE,38
ALLCARGO,0
ALLETEC,50
ALLSEC,75
ALMONDZ,88
ALNATRD,-1
ALOKINDS,50
ALPA,62
ALPEXSOLAR,0
ALPHAGEO,75
ALPHAIND,
ALPHALOGIC,25
ALPINEHOU,0
ALPSINDUS,62
ALPSMOTOR,
ALSL,
ALSTONE,25
ALUFLUOR,38
ALUWIND,66.67
AMAL,12
AMALGAM,12
AMANAYA,
AMARJOTHI,75
AMARNATH,-1
AMARSEC,75
AMBALALSA,0
AMBANIORG,0
AMBARPIL,12
AMBER,88
AMBICAAGAR,38
AMBIKCO,50
AMBIT,
AMBITION,
AMBOAGRI,
AMBUJACEM,75
AMCOIND,25
AMDIND,50
AMERISE,25
AMEYA,100
AMFORG,62
AMIABLE,12.5
AMIC,
AMINTAN,12
AMIORG,75
AMITINT,
AMITSEC,
AMJLAND,75
AMJUMBO,
AMKAY,
AMNPLST,67
AMRAAGRI,12
AMRAFIN,
AMRAPLIN,62
AMRUTANJAN,75
AMS,-1
AMSONS,
AMTL,0
ANANDPROJ,-1
ANANDRATHI,50
ANANTRAJ,100
ANDHRAPAP,62
ANDHRAPET,100
ANDHRSUGAR,75
ANDREWYU,
ANERI,75
ANG,0
ANGEL,
ANGELONE,12
ANIKINDS,38
ANJANI,38
ANJANIFIN,62
ANJANIFOODS,62
ANKIN,12
ANKITMETAL,12
ANLON,100
ANMOL,12
ANNAINFRA,12
ANNAPURNA,87.5
ANSALAPI,0
ANSALBU,25
ANSALHSG,
ANSHNCO,-1
ANSINDUS,50
ANTARIKSH,-1
ANTGRAPHIC,25
ANUHPHR,38
ANUP,62
ANUPAM,12
ANURAS,12
ANUROOP,75
ANZEN,
APARINDS,75
APCL,50
APCOTEXIND,38
APEX,62
APIL,0
APIS,75
APLAB,62
APLAPOLLO,62
APLAYA,
APLLTD,75
APMIN,12
APOLLO,38
APOLLOFI,25
APOLLOHOSP,75
APOLLOPIPE,12
APOLLOTYRE,62
APOLSINHOT,0
APOORVA,50
APPLECREDT,
APS,0
APTANN,
APTECHT,12
APTPACK,25
APTUS,62
AQFINTECH,25
ARABIAN,0
ARAMBHAN,
ARAVALIS,62
ARCEEIN,62
ARCFIN,62
ARCHIDPLY,25
ARCHIES,0
ARCHITORG,88
ARCL,75
ARCOTECH,
ARE&M,62
AREALTY,
ARENTERP,12
AREXMIS,25
ARFIN,12
ARHAM,
ARIES,50
ARIGATO,50
ARIHANT,100
ARIHANTACA,0
ARIHANTCAP,62
ARIHANTINS,
ARIHANTSUP,50
ARISE,38
ARISINT,75
ARISTO,50
ARL,50
ARMAN,12
ARMANFIN,62
ARNOLD,100
AROGRANITE,62
AROMAENT,75
ARROWGREEN,50
ARROWHEAD,
ARSHIYA,0
ARSSINFRA,50
ARTEDZ,
ARTEFACT,12
ARTEMISMED,38
ARTNIRMAN,50
ARTSONEN,62
ARUNAHTEL,12
ARUNIS,50
ARVEE,25
ARVIND,62
ARVINDFASN,100
ARVSMART,62
ARYACAPM,
ARYAMAN,100
ARYAN,25
ARYAVAN,75
ASAHIIND,
ASAHIINDIA,100
ASAHINFRA,
ASAHISONG,75
ASAL,75
ASALCBR,75
ASARFI,
ASCENSIVE,75
ASCOM,
ASEEMG,
ASHAI,100
ASHAPURMIN,62
ASHARI,
ASHCAP,62
ASHIANA,75
ASHIKA,88
ASHIMASYN,75
ASHIS,50
ASHISHPO,100
ASHNI,0
ASHNOOR,25
ASHOKA,75
ASHOKAMET,50
ASHOKLEY,100
ASHOKRE,75
ASHRAM,62
ASHSI,12
ASHUTPM,75
ASIACAP,-1
ASIAN,17
ASIANBRG,
ASIANENE,88
ASIANFR,
ASIANHOTNR,12
ASIANPAINT,38
ASIANTILES,62
ASIANTNE,62
ASIANVE,
ASIAPAK,62
ASIIL,38
ASIL,
ASINPET,25
ASISL,
ASITCFIN,38
ASKAUTOLTD,67
ASLIND,
ASMS,0
ASMTEC,75
ASPINWALL,50
ASPIRA,0
ASPIRE,100
ASRL,0
ASSAMENT,0
ASSOCER,
ASSOCIATED,
ASTALLTD,75
ASTAR,12
ASTEC,62
ASTERDM,12
ASTRAL,75
ASTRAMICRO,75
ASTRAZEN,62
ASTRON,0
ASUTENT,
ASYAINFO,
ASYL,25
ATALREAL,12
ATAM,38
ATCOM,
ATFL,25
ATGL,25
ATHARVENT,50
ATHCON,
ATHENAGLO,62
ATISHAY,100
ATL,8
ATLANTAA,100
ATLANTADEV,
ATLASCYCLE,
ATMASTCO,0
ATNINTER,
ATUL,62
ATULAUTO,38
ATVPR,75
AUBANK,88
AURDIS,37.5
AURIONPRO,75
AUROCOK,
AUROIMPEX,0
AUROLAB,12
AUROPHARMA,62
AURUM,25
AUSOMENT,25
AUSTENG,88
AUSTRAL,
AUTOAXLES,50
AUTOIND,38
AUTOINT,-1
AUTOPAL,
AUTOPINS,62
AUTOPRD,
AUTUMN,
AVADHSUGAR,50
AVAILFC,88
AVALON,75
AVANCE,38
AVANTEL,75
AVANTIFEED,75
AVASARA,75
AVEER,12
AVG,25
AVI,50
AVIVA,12
AVL,100
AVONMERC,
AVONMORE,75
AVPINFRA,66.67
AVROIND,0
AVSL,
AVTNPL,25
AWFIS,-1
AWHCL,50
AWL,12
AXELPOLY,75
AXISBANK,75
AXISCADES,12
AXITA,12
AXTEL,0
AYMSYNTEX,75
AYOME,-1
AZAD,67
AZTEC,
B2BSOFT,0
BABA,12
BABAFP,0
BACPHAR,50
BAFEG,
BAFNAPH,0
BAGFILMS,38
BAHETI,75
BAIDFIN,0
BAJAJ-AUTO,75
BAJAJCON,75
BAJAJELEC,100
BAJAJFINSV,50
BAJAJHCARE,50
BAJAJHIND,75
BAJAJHLDNG,75
BAJAJST,62
BAJEL,67
BAJFINANCE,50
BAJGLOB,
BALAJITELE,12
BALAMINES,62
BALASORE,
BALAXI,25
BALGOPAL,88
BALKRISHNA,62
BALKRISIND,75
BALLARPUR,
BALMLAWRIE,88
BALPHARMA,62
BALRAMCHIN,75
BALTE,12
BALUFORGE,67
BAMBINO,38
BAMPSL,38
BANARBEADS,62
BANARISUG,100
BANASFN,0
BANCOINDIA,62
BANDARAM,67
BANDHANBNK,38
BANG,38
BANKA,0
BANKBARODA,75
BANKINDIA,12
BANSAL,
BANSTEA,17
BANSWRAS,62
BAPACK,100
BARBEQUE,38
BARODARY,0
BAROEXT,62
BARONINF,75
BASANTGL,50
BASF,100
BASILIC,0
BASML,62
BATAINDIA,50
BATLIBOI,38
BAWEJA,0
BAYERCROP,100
BAZELINTER,50
BBL,75
BBOX,62
BBREALTY,
BBTC,100
BBTCL,88
BCCFUBA,88
BCCL,
BCG,0
BCHL,
BCLENTERPR,0
BCLIND,12
BCONCEPTS,38
BCP,
BCPL,38
BDH,75
BDL,75
BDR,
BEACON,-1
BEARDSELL,12
BECTORFOOD,75
BEDMUTHA,38
BEEKAY,100
BEELE,
BEEYU,50
BEL,75
BELLACASA,75
BEMHY,100
BEML,75
BENARA,
BENARAS,38
BENCHMARK,
BENGALASM,88
BENGALS,-1
BENGALT,50
BENTCOM,
BEPL,75
BERGEPAINT,38
BERLDRG,38
BERVINL,38
BERYLSE,50
BESTAGRO,50
BESTEAST,12
BETA,12.5
BETALA,
BETXIND,0
BEWLTD,12.5
BFFL,25
BFINVEST,75
BFLAFL,0
BFUTILITIE,62
BGIL,
BGJL,50
BGLOBAL,25
BGPL,
BGRENERGY,0
BGWTATO,38
BHAGCHEM,62
BHAGERIA,88
BHAGWOX,25
BHAGYANGR,50
BHAGYFN,
BHALCHANDR,
BHANDARI,50
BHANDERI,
BHARAT,38
BHARATAGRI,25
BHARATFORG,75
BHARATGEAR,50
BHARATIDIL,
BHARATRAS,62
BHARATSE,38
BHARATWIRE,0
BHARTIARTL,75
BHARTIHEXA,75
BHASKAGR,100
BHATEXT,83
BHATIA,0
BHEEMACEM,0
BHEL,75
BHILSPIN,25
BHINVIT,
BHUDEVI,75
BI,0
BIBCL,38
BIGBLOC,50
BIHSPONG,12
BIJHANS,25
BIKAJI,75
BIL,75
BILENERGY,
BILLWIN,
BIMETAL,50
BINANIIND,12
BINDALEXPO,
BINNY,0
BINNYMILLS,
BIOCON,75
BIOFILCHEM,50
BIOGEN,12
BIOPAC,
BIRDYS,16.67
BIRET,
BIRLACABLE,12
BIRLACORPN,62
BIRLACOT,
BIRLAMONEY,75
BIRLAPREC,38
BIRLATR,
BIRLATYRE,
BISIL,75
BITL,
BITS,50
BIZOTIC,
BJDUP,
BKMINDST,12
BKV,38
BLACKROSE,38
BLAL,50
BLBLIMITED,12
BLCISER,
BLFL,
BLIL,75
BLISSGVS,12
BLKASHYAP,100
BLOIN,25
BLOOM,88
BLS,62
BLSE,25
BLSINFOTE,0
BLUCHIP,
BLUEBLENDS,
BLUECHIP,100
BLUECHIPT,25
BLUECLOUDS,100
BLUECOAST,100
BLUEDART,75
BLUEJET,67
BLUEPEBBLE,83.33
BLUESTARCO,-1
BLUESTINFO,
BMAL,
BMBMUMG,
BMETRICS,12.5
BMW,50
BNALTD,75
BNANJEN,
BNHOLDINGS,12
BNL,12
BNRSEC,100
BNRUDY,50
BOBSHELL,
BODALCHEM,38
BODHTREE,
BOHRAIND,0
BOMBCYC,50
BOMBPOT,
BOMBWIR,38
BOMDYEING,75
BOMOXY-B1,75
BOMTALKIES,75
BONDADA,
BONLON,0
BOROLTD,62
BORORENEW,75
BOROSCI,-1
BOSCHLTD,75
BOSTONBIO,
BPCAP,62
BPCL,38
BPL,100
BPLPHARMA,38
BPTEX,75
BRADYM,62
BRAHMINFRA,75
BRANDBUCKT,
BRAWN,100
BRFL,
BRIDGESE,50
BRIGADE,100
BRIGHT,12.5
BRIGHT,
BRIGHTBR,25
BRIJLEAS,50
BRIPORT,
BRISK,
BRITANNIA,62
BRNL,0
BROOKS,12
BRPL,12
BRRL,
BSE,25
BSELALGO,25
BSHSL,0
BSL,88
BSOFT,50
BTML,0
BTTL,62
BURNPUR,50
BUTTERFLY,50
BVCL,62
BVL,
BYKE,75
CADSYS,
CALCOM,0
CALSOFT,50
CALSREF,
CAMEXLTD,100
CAMLINFINE,25
CAMPUS,62
CAMS,75
CAMSONBIO,
CAMSONSEEDS,
CANARYS,0
CANBK,50
CANDC,
CANDOUR,62
CANFINHOME,75
CANOPYFIN,
CANTABIL,62
CAPACITE,75
CAPFIN,50
CAPITALSFB,33
CAPLIPOINT,62
CAPPIPES,12
CAPRICORN,62
CAPRIHANS,0
CAPRO,88
CAPTRUST,38
CARBORUNIV,75
CAREERP,62
CARERATING,50
CARGOSOL,
CARGOTRANS,
CARNATIN,12
CARTRADE,62
CARYSIL,25
CASPIAN,75
CASTROLIND,75
CATECH,
CATVISION,38
CBAZAAR,0
CBPL,
CCAL,
CCCL,
CCFCL,100
CCHHL,100
CCL,38
CCLINTER,38
CDG,0
CDSL,50
CEATLTD,62
CEEJAY,62
CEENIK,100
CEETAIN,38
CEINSYSTECH,38
CELEBRITY,62
CELESTIAL,
CELLA,50
CELLECOR,0
CELLO,67
CELLPOINT,0
CENLUB,12
CENTENKA,62
CENTERAC,
CENTEXT,50
CENTPROV,
CENTRALBK,50
CENTRUM,62
CENTUM,25
CENTURYPLY,62
CENTURYTEX,75
CERA,100
CEREBRAINT,0
CESC,75
CESL,-1
CFEL,0
CFF,
CFL,62
CGCL,25
CGFL,75
CGPOWER,100
CGRAPHICS,16.67
CGVAK,0
CHABRASP,
CHADPAP,-1
CHALET,62
CHALLANI,0
CHAMAK,
CHAMBLFERT,75
CHANDNIMACH,38
CHANDRAP,0
CHANDRIMA,75
CHARMS,75
CHASBRT,-1
CHATHA,
CHAVDA,0
CHCL,
CHDCHEM,12
CHDDLTD,
CHECKPOINT,50
CHEMBOND,75
CHEMCON,88
CHEMCRUX,38
CHEMFAB,62
CHEMIESYNT,-1
CHEMOPH,25
CHEMPLASTS,62
CHEMTECH,100
CHENFERRO,62
CHENNPETRO,62
CHEVIOT,75
CHLLTD,38
CHLOGIST,62
CHMBBRW,75
CHOICEIN,100
CHOKINT,
CHOKSI,75
CHOKSILA,0
CHOLAFIN,75
CHOLAHLDNG,75
CHORDIA,38
CHOTHANI,
CHOWGULSTM,62
CHPLIND,
CHROME,25
CHRTEDCA,38
CIANAGRO,50
CIEINDIA,75
CIFL,0
CIGNITITEC,75
CIL,50
CILSEC,25
CIMMCO,
CINDHO,0
CINDRELL,25
CINELINE,75
CINERAD,38
CINEVISTA,38
CIPLA,62
CISTRO,75
CITADEL,50
CITIPOR,38
CITL,50
CITURGIA,
CITYMAN,62
CITYON,
CITYONLINE,75
CJGEL,25
CKFSL,
CLARA,
CLASELE,
CLEAN,100
CLEDUCATE,50
CLFL,0
CLIOINFO,62
CLLIMITED,
CLOUD,37.5
CLSEL,25
CLSL,0
CMBL,50
CMICABLES,0
CML,
CMMHOSP,38
CMMIPL,
CMNL,37.5
CMRSL,75
CMSINFO,75
CNCRD,
CNEL,
CNIRESLTD,75
CNOVAPETRO,
COALINDIA,50
COARO,0
COASTCORP,12
COCHINM,12
COCHINSHIP,62
COCHMAL,75
COCKERILL,100
COFFEEDAY,38
COFORGE,38
COLABCLOUD,62
COLINZ,38
COLORCHIPS,
COLPAL,62
COMCL,75
COMFINCAP,25
COMFINTE,
COMMAND,
COMMEXTECH,
COMMITTED,0
COMPEAU,75
COMPINFO,0
COMPUPN,50
COMPUSOFT,25
COMRADE,
COMSYN,25
CONART,75
CONCOR,50
CONCORD,38
CONCORDBIO,50
CONCRETE,62
CONFINT,50
CONFIPET,25
CONSOFINVT,38
CONSTRONIC,38
CONTAINE,
CONTAINER,75
CONTCHM,62
CONTI,50
CONTICON,25
CONTILI,88
CONTPTR,38
CONTROLPR,12
COOLCAPS,0
CORAGRO,-1
CORALAB,100
CORALFINAC,25
CORDSCABLE,75
CORNE,88
COROENGG,50
COROMANDEL,75
CORPOCO,
COSBOARD,
COSCO,38
COSMICCRF,
COSMOFE,12
COSMOFIRST,75
COSPOWER,
COSYN,25
COTFAB,
COUNCODOS,25
COVENTRY,
COVIDH,
CPL,25
CPML,
CPS,
CRAFTSMAN,62
CRANEINFRA,75
CRANESSOFT,100
CRANEX,62
CRAVATEX,0
CRAYONS,12.5
CRAZYINF,
CREATIVE,38
CREATIVE,88
CREATIVEYE,75
CREDENCE,
CREDITACC,12
CRESSAN,25
CREST,50
CRIMSON,67
CRISIL,50
CROISSANCE,0
CROMPTON,100
CROPSTER,12
CROWN,75
CRPRISK,
CRSTCHM,75
CSBBANK,38
CSL,38
CSLFINANCE,62
CSURGSU,50
CTCL,
CTE,75
CTL,62
CUB,75
CUBEINVIT,
CUBEXTUB,25
CUBIFIN,62
CUMMINSIND,75
CUPID,12
CUPIDTR,
CURATECH,
CWD,38
CYBELEIND,25
CYBERMEDIA,0
CYBERSC,
CYBERTECH,75
CYIENT,38
CYIENTDLM,50
DABUR,75
DAICHI,75
DAIKAFFI,75
DAL,75
DALBHARAT,12
DALMIASUG,62
DAMODARIND,25
DANGEE,0
DANLAW,62
DANUBE,12
DAPS,
DARJEELING,88
DARSHANORNA,75
DATAINFRA,67
DATAMATICS,38
DATAPATTNS,62
DATAPRO,
DATASOFT,100
DATIWARE,0
DAULAT,62
DAVANGERE,17
DAZZEL,
DBCORP,62
DBL,75
DBOL,62
DBREALTY,0
DBSTOCKBRO,12
DCAL,12
DCBBANK,62
DCG,50
DCI,75
DCL,
DCM,38
DCMFINSERV,62
DCMNVL,75
DCMSHRIRAM,62
DCMSRIND,75
DCW,62
DCXINDIA,100
DDEVPLASTIK,75
DDIL,12
DECANBRG,50
DECCAN,50
DECCANCE,75
DECIPHER,50
DECNGOLD,0
DECOMIC,50
DECPO,12
DEEM,0
DEEP,0
DEEPAKCHEM,
DEEPAKFERT,75
DEEPAKNTR,75
DEEPAKSP,38
DEEPENR,12
DEEPINDS,62
DEKSON,
DEL,25
DELAPLEX,0
DELHIVERY,25
DELPHIFX,12
DELTA,12
DELTACORP,38
DELTAMAGNT,38
DELTRON,
DEN,62
DENEERS,25
DENISCHEM,62
DENORA,75
DENTALKART,62.5
DESHRAK,58
DESTINY,
DEVHARI,
DEVIKA,
DEVINE,75
DEVIT,25
DEVITRD,
DEVLAB,
DEVYANI,38
DFL,88
DGCONTENT,75
DGL,
DHABRIYA,50
DHAMPURE,50
DHAMPURSUG,38
DHAMSUGR,
DHANADACO,
DHANBANK,50
DHANCOT,12
DHANFAB,75
DHANI,62
DHANLEELA,
DHANROTO,88
DHANUKA,75
DHARFIN,62
DHARMAJ,75
DHARNI,
DHARSUGAR,
DHATRE,12
DHENUBUILD,
DHINDIA,25
DHOOTIN,75
DHPIND,25
DHRUV,62
DHRUVCA,38
DHTL,0
DHUNINV,88
DHYAANITR,
DIACABS,75
DIAMANT,88
DIAMINESQ,50
DIAMOND,
DIAMONDYD,50
DIANATEA,62
DICIND,75
DIDL,
DIGIDRIVE,17
DIGIFIBRE,
DIGIKORE,0
DIGISPICE,50
DIGJAMLMTD,12
DIKSAT,
DIL,12
DILIGENT,25
DINIRST,
DION,
DISAQ,50
DISHTV,12
DITCO,0
DIVGIITTS,0
DIVINUS,
DIVISLAB,75
DIVSHKT,62
DIXON,100
DJML,75
DJSSS,
DKEGL,0
DLCL,
DLF,38
DLINKINDIA,100
DLTNCBL,75
DMART,75
DMCC,50
DMCEDU,
DML,
DMR,
DNAMEDIA,62
DODLA,75
DOLATALGO,50
DOLFIN,38
DOLLAR,50
DOLLEX,0
DOLPHIN,17
DOLPHMED,0
DOMS,75
DONEAR,75
DPABHUSHAN,50
DPL,
DPSCLTD,25
DPWIRES,0
DQE,
DRA,
DRAGARWQ,50
DRCSYSTEMS,62
DREAMFOLKS,38
DREDGECORP,75
DRL,75
DRL,62
DRONACHRYA,
DRONE,0
DRREDDY,75
DRSCARGO,
DRSDILIP,-1
DSINVEST,25
DSKULKARNI,
DSSL,25
DTIL,38
DUCOL,37.5
DUCON,25
DUGARHOU,50
DUGLOBAL,50
DUKEOFS,88
DUNCANENG,62
DUNCANSLTD,
DUROPACK,38
DUROPLY,62
DUTRON,50
DVL,62
DWARKESH,25
DWITIYA,
DWL,
DYCL,75
DYNAMATECH,38
DYNAMIC,37.5
DYNAMICP,0
DYNAMIND,62
DYNAVSN,38
DYNMICR,
DYNPRO,50
E2E,75
EARTH,
EASEMYTRIP,25
EASTBUILD,67
EASTERNGAS,
EASTRED,25
EASTSILK,
EASTSUGIND,
EASTWEST,0
EASUN,33
EASUNREYRL,
EASYFIN,75
EBFL,
ECLERX,62
ECOBOAR,12
ECOHOTELS,75
ECOPLAST,38
ECORECO,75
ECS,75
ECSTSTL,12
EDELWEISS,12
EDSL,
EDUCOMP,0
EDVENSWA,88
EFACTOR,0
EFCIL,75
EFORCE,0
EFPL,
EICHERMOT,75
EIDPARRY,75
EIFFL,12
EIGHTY,
EIHAHOTELS,75
EIHOTEL,50
EIKO,38
EIMCOELECO,75
EKAMLEA,12
EKANSH,0
EKC,12
EKENNIS,
EKI,25
ELAND,38
ELANGO,0
ELANTAS,75
ELCIDIN,33
ELDEHSG,62
ELECON,75
ELECTCAST,88
ELECTHERM,75
ELEFLOR,12
ELEMARB,50
ELEXT,
ELFORGE,75
ELGIEQUIP,100
ELGIRUBCO,50
ELIN,100
ELITECON,-1
ELIXIR,50
ELLOPAP,
ELNET,88
ELPROINTL,75
EMAINDIA,62
EMAMILTD,75
EMAMIPAP,50
EMAMIREAL,25
EMBASSY,
EMERALD,25
EMERALL,100
EMERGENT,12
EMGEECA,
EMIL,75
EMKAR,
EMKAY,62
EMKAYTOOLS,100
EML,
EMMBI,50
EMMESSA,62
EMMFORCE,
EMMIL,50
EMMSONS,
EMPEESUG,
EMPIND,25
EMPOWER,50
EMSLIMITED,75
EMUDHRA,75
ENBETRD,12
ENCASH,
ENCHANTE,
ENCODE,25
ENDURANCE,62
ENERGYDEV,25
ENFUSE,50
ENGINERSIN,50
ENIL,75
ENKEIWHEL,38
ENNORE,
ENSER,100
ENTERO,50
ENTRINT,62
ENVAIREL,25
EON,
EPACK,67
EPBIO,
EPIC,100
EPIGRAL,75
EPL,50
EPSOMPRO,25
EPUJA,50
EQUIPPP,25
EQUITAS,
EQUITASBNK,62
ERAAYA,75
ERABUILD,
ERIS,75
EROSMEDIA,12
ERPSOFT,50
ESABINDIA,75
ESAFSFB,25
ESARIND,0
ESCONET,0
ESCORP,
ESCORTS,75
ESFL,0
ESHAMEDIA,75
ESKAY,
ESPIRE,0
ESSARSHPNG,62
ESSENTIA,38
ESTER,38
ETHOSLTD,100
ETIL,62
ETT,12
EUPHORIAIT,
EUREKAFORBE,50
EUREKAI,50
EUROASIA,50
EUROBOND,100
EUROCERA,
EUROLED,38
EUROMULTI,
EUROTEXIND,38
EVANS,
EVEREADY,38
EVERESTIND,50
EVERESTO,62
EVERFIN,100
EVEXIA,12
EVOQ,
EXCEL,38
EXCELINDUS,75
EXHICON,
EXICOM,75
EXIDEIND,100
EXPLEOSOL,25
EXPLICITFIN,50
EXPOGAS,75
EXXARO,0
EY,100
FAALCON,
FABINO,
FACORALL,0
FACORSTE,
FACT,62
FAIRCHEMOR,75
FAMILYCARE,25
FAZE3AUTO,
FAZE3Q,50
FCL,88
FCONSUMER,50
FCSSOFT,62
FDC,75
FEDDERELEC,
FEDERALBNK,75
FEDFINA,33
FEL,38
FELIX,12.5
FENOPLAS,
FERMENTA,50
FERVENTSYN,25
FFPL,25
FGP,88
FIBERWEB,50
FIDEL,50
FIEMIND,75
FILATEX,50
FILATFASH,0
FILME,
FILTRA,
FILTRON,
FINCABLES,100
FINELINE,25
FINEORG,75
FINKURVE,12
FINOPB,62
FINPIPE,75
FIRSTFIN,50
FISCHER,50
FIVECORE,
FIVESTAR,75
FIVEXTRADE,
FLAIR,50
FLEXFO,62
FLEXITUFF,0
FLFL,25
FLOMIC,38
FLORACORP,38
FLORATX,17
FLUIDOM,62
FLUOROCHEM,50
FMEC,83
FMGOETZE,100
FMNL,25
FOCE,75
FOCUS,12
FOCUS,
FONE4,
FONEBOX,0
FOODSIN,12
FORBESCO,25
FORCEMOT,75
FORFOOD,
FORINTL,25
FORTIS,75
FORTISMLR,25
FOSCL,
FOSECOIND,100
FRANKLIN,
FRANKLININD,38
FRASER,25
FREDUN,50
FRETAIL,50
FROG,75
FRONTBUSS,
FRONTCAP,
FRONTCORP,50
FRONTFN,
FRONTSP,75
FRSHTRP,38
FRUTION,50
FSC,0
FSL,75
FSSPL,
FTL,
FUNDVISER,50
FUNNY,
FUSION,0
FUTSOL,38
FUTURAPOLY,
FUTURSEC,38
GABRIEL,100
GAEL,0
GAGAN,38
GAGANPO,
GAIL,75
GAJANANSEC,100
GAJRA,
GALACTICO,0
GALADA,
GALADAFIN,75
GALAGEX,25
GALAXYSURF,75
GALLANTT,100
GALLOPENT,62
GALXBRG,12
GAMMONIND,
GANDHAR,25
GANDHITUBE,50
GANECOS,100
GANESHBE,0
GANESHHOUC,75
GANGAFORGE,0
GANGAPA,38
GANGAPHARM,
GANGESSECU,75
GANGOTRI,62
GANHOLD,50
GANONPRO,38
GANVERSE,
GARBIFIN,50
GARFIBRES,75
GARGFUR,38
GARGI,
GARLNIN,
GARMNTMNTR,50
GARNET,75
GARNETINT,75
GARODCH,17
GARWAMAR,0
GARWSYN,75
GATECH,0
GATECHDVR,12
GATEWAY,50
GAYAHWS,100
GAYAPROJ,12
GAYATRI,62
GAYATRIBI,25
GBFL,88
GBGLOBAL,
GBLINFRA,
GCCL,
GCCLINP,
GCKL,100
GCMCAPI,
GCMCOMM,
GCMSECU,25
GCONNECT,
GCSL,
GDLLEAS,-1
GDTRAGN,-1
GEE,12
GEECEE,100
GEEFC,
GEEKAYWIRE,25
GEETANJ,62
GEL,
GEMSI,62
GEMSPIN,12
GENCON,50
GENERAAGRI,
GENESIS,67
GENESYS,62
GENIUSCO,
GENNEX,25
GENPHARMA,0
GENSOL,67
GENUSPAPER,50
GENUSPOWER,75
GENUSPRIME,38
GEOJITFSL,75
GEPIL,75
GESHIP,75
GET&D,100
GETALONG,
GFLLIMITED,50
GFSTEELS,75
GGAUTO,75
GGDPROP,0
GGENG,25
GGL,12
GGPL,0
GHCL,62
GHCLTEXTIL,50
GHUSHINE,
GIANLIFE,25
GICHSGFIN,62
GICL,0
GICRE,62
GILADAFINS,12
GILLANDERS,25
GILLETTE,75
GINISILK,75
GINNIFILA,38
GIPCL,75
GIRIRAJ,
GIRRESORTS,
GISL,
GITANJALI,
GITARENEW,38
GKB,75
GKCONS,88
GKP,12
GKWLIMITED,75
GLANCE,75
GLAND,50
GLAXO,75
GLCL,
GLEAM,
GLENMARK,75
GLFL,12
GLHRL,
GLITTEKG,12
GLOBAL,0
GLOBAL,
GLOBALCA,62
GLOBALPET,0
GLOBALVECT,75
GLOBE,50
GLOBOFFS,
GLOBUSCON,75
GLOBUSSPR,25
GLOKNIT,
GLOSTERLTD,33
GLS,62
GMBREW,75
GMDCLTD,38
GMETCOAL,
GMMPFAUDLR,12
GMPL,
GMRINFRA,75
GMRP&UI,62
GNA,12
GNFC,62
GNRL,0
GOACARBON,50
GOBLIN,
GOCLCORP,75
GOCOLORS,38
GODAVARI,88
GODFRYPHLP,100
GODHA,25
GODIGIT,50
GODREJAGRO,100
GODREJCP,75
GODREJIND,50
GODREJPROP,100
GOEL,
GOENKA,62
GOGIACAP,0
GOKAKTEX,25
GOKEX,62
GOKUL,25
GOKULAGRO,100
GOKULSOL,
GOLCA,100
GOLDCOINHF,62
GOLDENCREST,67
GOLDENTOBC,12
GOLDIAM,12
GOLDKART,
GOLDLEG,
GOLDLINE,
GOLDSTAR,12.5
GOLDTECH,88
GOLECHA,100
GOLKONDA,25
GOLKUNDIA,50
GONTER,
GOODLUCK,50
GOODRICKE,62
GOODYEAR,
GOPAIST,75
GOPAL,50
GORANIN,12
GOTHIPL,0
GOURMET,62
GOVINDRU,
GOWRALE,50
GOYALALUM,50
GOYALASS,0
GOYALSALT,0
GPECO,
GPIL,75
GPPL,75
GPSL,
GPTHEALTH,25
GPTINFRA,100
GRADIENTE,
GRANDMA,
GRANULES,75
GRAPHISAD,0
GRAPHITE,50
GRASIM,100
GRATEXI,88
GRAUWEIL,
GRAVISSHO,0
GRAVITA,75
GRAVITY,50
GRCABLE,
GRCL,50
GREAVESCOT,38
GREENCHEF,0
GREENCREST,62
GREENLAM,75
GREENPANEL,12
GREENPLY,100
GREENPOWER,38
GRETEX,
GRINDWELL,75
GRINFRA,75
GRMOVER,88
GROBTEA,88
GROVY,100
GROWINGTON,
GRPLTD,75
GRSE,75
GRWRHITECH,75
GSAUTO,25
GSBFIN,100
GSCLCEMENT,
GSFC,50
GSL,
GSLNOVA,
GSLSEC,75
GSLSU,25
GSMFOILS,-1
GSPL,25
GSS,0
GSTL,38
GSTL,12.5
GTECJAINX,0
GTEIT,75
GTL,62
GTLINFRA,100
GTNIND,
GTNTEX,
GTPL,25
GTV,75
GUFICBIO,75
GUJALKALI,75
GUJAPOLLO,25
GUJARATPOLY,62
GUJCARB,
GUJCMDS,75
GUJCONT,38
GUJCOTEX,62
GUJCRAFT,0
GUJCRED,38
GUJCYPROM,
GUJFOIL,
GUJGASLTD,75
GUJHOTE,38
GUJHYSPIN,
GUJINJEC,100
GUJINTRX,75
GUJINV,75
GUJPE,
GUJPETR,25
GUJRAFFIA,38
GUJSTATFIN,12
GUJTERC,50
GUJTHEM,75
GUJTLRM,12
GULFOILLUB,75
GULFPETRO,75
GULPOLY,50
GUPTSYN,
GVBL,100
GVFILM,38
GVKPIL,38
GVL,
GVPTECH,38
GYANDEV,25
HAL,75
HALDER,100
HALDYNGL,38
HAMPTON,50
HANMAN,
HANSUGAR,100
HAPPSTMNDS,88
HAPPYFORGE,67
HARAFIN,-1
HARCR,
HARDCAS,88
HARDWYN,25
HARIAAPL,38
HARIAEXPO,62
HARIGOV,
HARIOMPIPE,88
HARISH,50
HARLETH,75
HARRMALAYA,75
HARSHA,100
HARSHDEEP,
HARSHILAGR,50
HARYNACAP,100
HASJUICE,
HASTIFIN,25
HATHWAY,62
HATHWAYB,62
HATSUN,50
HAVELLS,100
HAVISHA,50
HAWAENG,50
HAWKINCOOK,75
HAZOOR,25
HBEL,
HBESD,62
HBLEAS,75
HBLPOWER,50
HBPOR,50
HBSL,62
HCC,100
HCG,75
HCKKVENTURE,12
HCL-INSYS,0
HCLTD,-1
HCLTECH,62
HDFCAMC,75
HDFCBANK,100
HDFCLIFE,50
HDIL,50
HEADSUP,12
HEALINV,-1
HEALTHYLIFE,
HECPROJECT,100
HEERAISP,25
HEG,50
HEIDELBERG,62
HELPAGE,75
HEMACEM,
HEMANG,0
HEMIPROP,25
HEMORGANIC,38
HERANBA,62
HERCULES,75
HERITGFOOD,50
HEROMOTOCO,75
HESTERBIO,100
HEUBACHIND,50
HEXATRADEX,100
HFCL,62
HFIL,38
HGIND,
HGINFRA,100
HGS,38
HIGHENE,38
HIGHSTREE,75
HIGHWAYS,
HIGREEN,0
HIKAL,75
HIKLASS,-1
HIL,75
HILIKS,100
HILTON,0
HIMADRI,
HIMATSEIDE,38
HIMTEK,62
HINDADH,25
HINDALCO,100
HINDALUMI,62
HINDAPL,75
HINDBIO,0
HINDCOMPOS,75
HINDCON,50
HINDCOPPER,25
HINDHARD,88
HINDMILL,38
HINDMOTORS,38
HINDNATGLS,50
HINDOILEXP,75
HINDPETRO,38
HINDTIN,12
HINDUNILVR,50
HINDUST,8
HINDWAREAP,50
HINDZINC,50
HINFLUR,38
HIPOLIN,25
HIPPOCABS,
HIRAUTO,75
HIRECT,38
HISARMETAL,25
HISARSP,88
HITECH,50
HITECHCORP,38
HITECHGEAR,25
HITECHWIND,
HITKITGLO,75
HITTCO,62
HLEGLAS,25
HLVLTD,12
HMAAGRO,25
HMT,88
HMVL,62
HNDFDS,50
HOACFOODS,-1
HOCL,75
HOLMARC,0
HOMEFIRST,75
HOMESFY,
HONASA,83
HONAUT,75
HONDAPOWER,75
HOTLSILV,88
HOVS,12
HOWARHO,50
HPAL,25
HPBL,0
HPCBL,0
HPCOTTON,25
HPIL,50
HPL,75
HRBFLOR,-1
HRHNEXT,0
HRMNYCP,0
HRYNSHP,62
HSCL,75
HSIL,
HTMEDIA,50
HUBTOWN,62
HUDCO,75
HUHTAMAKI,100
HUIL,75
HVL,
HYBRIDFIN,38
HYPERSOFT,100
HYTONE,
IBINFO,75
IBLFL,0
IBREALEST,100
IBRIGST,38
IBULHSGFIN,62
ICDSLTD,0
ICEMAKE,100
ICICIBANK,100
ICICIGI,75
ICICIPRULI,75
ICIL,62
ICL,75
ICLORGANIC,
ICRA,75
ICSA,
ICSL,0
IDBI,38
IDEA,100
IDEAFORGE,25
IDFC,62
IDFCFIRSTB,50
IDINFO,-1
IDM,12
IECEDU,
IEL,50
IEML,33
IEX,75
IFBAGRO,75
IFBIND,75
IFCI,62
IFGLEXPOR,75
IFINSEC,100
IFINSER,62
IFL,12
IGARASHI,38
IGCIL,88
IGL,75
IGLFXPL-B,
IGPL,75
IGRL,
IHCT,
IIFL,25
IIFLSEC,75
IIL,12
IIRM,8
IISL,100
IITL,62
IITLPROJ,38
IKFTECH,
IKIO,58
IL&FSENGG,0
IL&FSTRANS,100
IMAGICAA,50
IMCAP,50
IMEC,75
IMFA,62
IMPAL,100
IMPEXFERRO,12
INA,
INANI,62
INANISEC,75
INCAP,12
INCEPTUM,
INCON,38
INCREDIBLE,75
INDAG,75
INDAGIV,100
INDBANK,62
INDBNK,75
INDCEMCAP,12
INDCTST,25
INDERGR,0
INDGELA,38
INDGN,50
INDHOTEL,100
INDIACEM,88
INDIAGLYCO,75
INDIAHOME,25
INDIAMART,62
INDIANACRY,50
INDIANB,50
INDIANCARD,50
INDIANHUME,75
INDIANVSH,38
INDIASHLTR,67
INDICAP,0
INDIFRA,0
INDIGO,100
INDIGOPNTS,50
INDIGRID,
INDINFO,0
INDINFR,
INDINFRA,
INDITALIA,
INDLEASE,25
INDLMETER,
INDNIPPON,75
INDOAMIN,12
INDOBORAX,38
INDOCITY,38
INDOCO,62
INDOCRED,75
INDOEURO,25
INDOFREBIO,
INDOGLOBAL,
INDOKEM,38
INDONG,
INDOPACIFIC,
INDORAMA,25
INDOSOLAR,
INDOSTAR,75
INDOTECH,25
INDOTHAI,25
INDOUS,
INDOWIND,88
INDPRUD,75
INDRAIND,100
INDRAMEDCO,75
INDRANIB,38
INDRENEW,0
INDSILHYD,62
INDSOYA,-1
INDSUCR,75
INDSWFTLAB,62
INDSWFTLTD,38
INDTERRAIN,12
INDTONER,50
INDUSFILA,
INDUSFINL,38
INDUSINDBK,50
INDUSTOWER,50
INDXTRA,0
INERTIAST,33
INFIBEAM,38
INFINIUM,37.5
INFLAME,
INFOBEAN,62
INFODRIVE,
INFOLLION,50
INFOMEDIA,75
INFORTEC,12
INFRAIND,
INFRAQUEST,
INFRATRUST,33.33
INFRONICS,12
INFY,62
INGERRAND,75
INLANPR,100
INLCM,75
INM,0
INNOCORP,75
INNOKAIZ,
INNOVACAP,50
INNOVANA,0
INNOVATIVE,
INNOVATIVE,12.5
INNOVATORS,
INNOVATUS,
INNOVENT,
INNOVTEC,50
INOVSYNTH,25
INOXGREEN,75
INOXINDIA,50
INOXLEISUR,
INOXWIND,25
INRADIA,75
INSECTICID,100
INSILCO,
INSOE,
INSPIRE,0
INSPIRISYS,25
INTCAPL,75
INTECCAP,0
INTEGFD,50
INTEGHIT,
INTEGRAEN,12
INTEGSW,67
INTELLECT,62
INTELSOFT,
INTENTECH,62
INTERDIGI,75
INTERFAC,
INTERHG,
INTETHR,
INTLCOMBQ,25
INTLCONV,12
INTLNKP,
INTRGLB,75
INTSTOIL,25
INVENTURE,50
INVIGO,12
INVPRECQ,12
IOB,38
IOC,50
IOLCP,38
IONEXCHANG,12
IPCALAB,25
IPL,25
IPOWER,75
IPRINGLTD,75
IPSL,12.5
IRB,38
IRBINVIT,
IRBIT,
IRCON,75
IRCTC,38
IREDA,83
IRFC,62
IRIS,38
IRISDOREME,0
IRMENERGY,17
IRONWOOD,0
ISCITRUST,-1
ISEC,88
ISFL,25
ISFT,12
ISGEC,75
ISHAN,37.5
ISHANCH,88
ISHITADR,50
ISHWATR,
ISLCONSUL,88
ISMTLTD,75
ISTLTD,38
ISTRNETWK,50
ISWL,38
ITALIANE,0
ITC,25
ITCONS,
ITDC,100
ITDCEM,100
ITHL,25
ITI,88
ITL,62
IVC,62
IVP,25
IVRCLINFRA,
IWEL,38
IWP,25
IXIGO,-1
IYKOTHITE,75
IZMO,62
J&KBANK,12
JACKSON,25
JAFINANCE,0
JAGAJITIND,62
JAGANLAM,38
JAGJANANI,50
JAGRAN,25
JAGSNPHARM,25
JAGSONFI,75
JAIBALAJI,12
JAICORPLTD,75
JAIHINDS,38
JAIMATAG,12
JAINAM,50
JAINCO,62
JAINEX,12
JAINMARMO,25
JAINSTUDIO,
JAIPAN,38
JAIPURKURT,25
JAKHARIA,
JALAN,12.5
JALPAC,
JAMEHOT,
JAMESWARREN,12
JAMNAAUTO,50
JAMSHRI,75
JANUSCORP,
JASCH,0
JASH,75
JATALIA,
JATTAINDUS,75
JAUSPOL,50
JAYAGROGN,75
JAYANT,
JAYATMA,0
JAYBARMARU,25
JAYBHCR,50
JAYCH,25
JAYENGY,
JAYIND,0
JAYKAILASH,
JAYKAY,100
JAYMAHESH,
JAYNECOIND,75
JAYSREETEA,62
JAYSYN,
JAYTEX,62
JAYUSH,12
JBCHEPHARM,50
JBFIND,
JBMA,62
JCHAC,75
JCTLTD,
JDL,
JDML,
JDORGOCHEM,75
JEL,
JENBURPH,100
JETAIRWAYS,0
JETFREIGHT,25
JETINFRA,
JETKINGQ,38
JETKNIT,62.5
JETMALL,
JFL,
JFLLIFE,25
JGCHEM,75
JGTL,67
JHACC,50
JHS,50
JIGAR,
JIGYASA,
JIKIND,
JINDALPHOT,88
JINDALPOLY,100
JINDALSAW,75
JINDALSTEL,75
JINDCAP,12
JINDCOT,
JINDHOT,75
JINDRILL,0
JINDWORLD,62
JIOFIN,67
JISLJALEQS,75
JITFINFRA,62
JIWANRAM,0
JIYAECO,
JJEXPO,
JJFINCOR,62
JK AGRI,38
JKCEMENT,75
JKIL,75
JKLAKSHMI,62
JKPAPER,100
JKPHARMA,
JKTYRE,25
JLHL,33
JLL,50
JLMORI,
JMA,50
JMCPROJECT,
JMDVL,50
JMFINANCIL,38
JMGCORP,75
JMJFIN,0
JNKINDIA,67
JOCIL,75
JOHNPHARMA,12
JOINDRE,50
JOINTECAED,
JOLYPLS,
JONJUA,
JOSTS,50
JPASSOCIAT,0
JPINFRATEC,
JPOLYINVST,100
JPPOWER,88
JPTRLES,33
JPTSEC,50
JRFOODS,
JSFB,50
JSHL,
JSL,75
JSLINDL,100
JSLL,
JSTL,12
JSWENERGY,100
JSWHL,75
JSWINFRA,75
JSWISPL,
JSWSTEEL,75
JTAPARIA,0
JTEKTINDIA,100
JTLIND,12
JUBLFOOD,100
JUBLINDS,100
JUBLINGREA,75
JUBLPHARMA,75
JULIEN,75
JUMBFNL,
JUMBO,12
JUNIPER,50
JUPITERIN,12
JUSTDIAL,62
JVLAGRO,
JWL,75
JYOTHI,
JYOTHYLAB,12
JYOTI,88
JYOTICNC,50
JYOTIN,
JYOTIOVR,
JYOTIRES,50
JYOTISTRUC,62
K2INFRA,75
KAARYAFSL,
KABRADG,75
KABRAEXTRU,50
KABSON,62
KACHCHH,38
KACL,12
KAHAN,
KAILASH,
KAIRA,38
KAIZENAGRO,88
KAJALSY,
KAJARIACER,100
KAJARIR,50
KAKA,
KAKATCEM,50
KAKTEX,12
KALAMANDIR,17
KALLAM,0
KALPACOMME,
KALYANCAP,
KALYANI,-1
KALYANI,-1
KALYANIFRG,62
KALYANKJIL,75
KAMADGIRI,0
KAMAHOLD,88
KAMANWALA,75
KAMATHOTEL,0
KAMDHENU,62
KAMOPAINTS,62
KANANIIND,0
KANCHI,62
KANCOTEA,38
KANDAGIRI,50
KANDARP,100
KANELIND,75
KANORICHEM,62
KANPRPLA,62
KANSAINER,38
KANSHST,0
KANUNGO,12
KAPILCO,38
KAPILRAJ,50
KAPSTON,75
KARANWO,0
KARMAENG,0
KARNAVATI,38
KARNIKA,0
KARTKIN,75
KARURVYSYA,75
KASHYAP,
KATRSPG,12
KAUSAMBI,
KAUSHALYA,12
KAVVERITEL,75
KAYA,100
KAYCEEI,100
KAYNES,75
KAYPOWR,62
KBCGLOBAL,50
KBSINDIA,0
KCDGROUP,0
KCEIL,0
KCK,
KCL,-1
KCLINFRA,0
KCP,62
KCPSUGIND,62
KCSL,
KDDL,88
KDJHRL,
KDL,75
KDL,50
KDLL,
KDML,
KEC,75
KECL,62
KEDIACN,-1
KEEPLEARN,0
KEERTHI,25
KEI,62
KEIL,50
KEL,0
KEL,50
KELENRG,62
KELLTONTEC,62
KEMISTAR,12
KEMP,25
KENFIN,
KENGI,
KENNAMET,
KENVI,25
KERALAYUR,75
KERNEX,12
KESAR,
KESARENT,50
KESARPE,100
KESORAMIND,75
KEYCORP,50
KEYFINSERV,38
KFBL,0
KFINTECH,38
KGDENIM,25
KGES,16.67
KGL,
KGPETRO,75
KHADIM,62
KHAICHEM,50
KHAITANLTD,88
KHANDSE,25
KHAZANCHI,
KHFM,37.5
KHODAY,
KHOOBSURAT,50
KHTRFIB,
KHYATI,75
KICL,100
KIDUJA,88
KIFS,62
KILBURN,
KILITCH,0
KIMIABL,75
KIMS,62
KINETICENG,75
KINETRU,75
KINGFA,38
KINGSINFR,0
KIOCL,62
KIRANPR,75
KIRANSY-B,0
KIRANVYPAR,75
KIRIINDUS,50
KIRLFER,
KIRLOSBROS,75
KIRLOSENG,100
KIRLOSIND,75
KIRLPNU,75
KISAN,38
KITEX,38
KJMCCORP,75
KJMCFIN,50
KKALPANAIND,62
KKCL,75
KKFIN,62
KKIL,
KKPLASTICK,75
KKSHL,
KKVAPOW,62.5
KLBRENG-B,100
KLGCAP,100
KLIFESTYL,75
KLL,0
KLRFM,12
KMCSHIL,25
KMEW,
KMFBLDR,25
KMGMILK,38
KMSL,
KMSMEDI,
KMSUGAR,62
KNAGRI,100
KNRCON,62
KOATOOLIN,
KOBO,12
KOCL,
KODYTECH,0
KOFFBREAK,
KOHINOOR,50
KOHINOORBRO,
KOKUYOCMLN,62
KOLTEPATIL,12
KONARKSY,25
KONNDOR,50
KONSTELEC,0
KONTOR,0
KOPRAN,62
KORE,100
KORE,62
KOTAKBANK,62
KOTARISUG,62
KOTHARIPET,62
KOTHARIPRO,50
KOTIC,
KOTYARK,0
KOURA,
KOVAI,
KPEL,25
KPGEL,
KPIGREEN,38
KPIL,38
KPITTECH,75
KPL,50
KPRMILL,75
KPT,38
KRANTI,0
KRATOSENER,67
KRBL,25
KREBSBIO,38
KREONFIN,38
KRETTOSYS,100
KRIDHANINF,62
KRIFILIND,38
KRISHANA,75
KRISHCA,25
KRISHIVAL,12.5
KRISHNA,75
KRISHNACAP,62
KRISHNADEF,75
KRITI,75
KRITIKA,38
KRITINUT,62
KRONOX,-1
KRRAIL,12
KRSNAA,50
KRYPTONQ,38
KRYSTAL,67
KSB,75
KSCL,75
KSE,75
KSERASERA,
KSHITIJ,-1
KSHITIJPOL,75
KSK,
KSL,88
KSLIND,
KSOLVES,62
KTIL,50
KTKBANK,38
KTL,0
KUANTUM,62
KUBERJI,100
KUMPFIN,62
KUNSTOFF,0
KUSHAL,
KUSHIND,50
KUSUMEL,-1
KUWERIN,62
KVFORGE,62
KWALITYCL,
KZLFIN,25
LABELKRAFT,
LACTOSE,75
LADDERUP,62
LADIAMO,50
LAFFANSQ,12
LAGNAM,75
LAHL,12
LAHOTIOV,25
LAKHANI,
LAKHOTIA,38
LAKPRE,75
LAKSELEC,12
LAKSHMIEFL,
LAKSHMIMIL,75
LAL,38
LALPATHLAB,62
LAMBODHARA,38
LANCER,
LANCORHOL,17
LANDMARC,38
LANDMARK,38
LAOPALA,25
LASA,12
LASTMILE,38
LATENTVIEW,75
LATIMMETAL,12
LATTEYS,0
LAURUSLABS,50
LAWSIKHO,0
LAXMICOT,62
LAXMIMACH,62
LAXMIPATI,
LAYLA,
LCCINFOTEC,100
LEADFIN,25
LEEL,
LEENEE,12
LEGACY,
LEHAR,62
LELAVOIR,100
LEMERITE,75
LEMONTREE,75
LERTHAI,25
LESHAIND,25
LEX,
LEXUS,38
LFIC,62
LGBBROSLTD,88
LGBFORGE,75
LGHL,33
LIBAS,12
LIBERTSHOE,100
LIBORD,75
LIBORDFIN,100
LICHSGFIN,75
LICI,62
LIKHAMI,33
LIKHITHA,100
LIMECHM,62
LINAKS,75
LINC,25
LINCOLN,62
LINDEINDIA,38
LINKPH,25
LINKSONI,
LIPPISYS,50
LKPFIN,25
LKPSEC,25
LLFICL,38
LLOYDS,37.5
LLOYDSENGG,75
LLOYDSENT,38
LLOYDSME,67
LNIND,
LODHA,75
LOGICA,
LOHIASEC,
LOKESHMACH,75
LONTE,12
LOOKS,50
LORDSCH,
LORDSCHLO,25
LORDSHOTL,75
LOTUSCHO,75
LOTUSEYE,25
LOVABLE,38
LOYAL,50
LOYALTEX,38
LPDC,62
LRRPL,12.5
LSIND,
LT,50
LTF,75
LTFOODS,75
LTIM,38
LTTS,50
LUCENT,75
LUDLOWJUT,38
LUHARUKA,38
LUMAXIND,75
LUMAXTECH,100
LUPIN,50
LUXIND,62
LWSKNIT,62
LXCHEM,50
LXMIATO,88
LYKALABS,12
LYKISLTD,50
LYNMC,75
LYONSCO,
LYPSAGEMS,38
M&M,75
M&MFIN,62
MAAGHADV,
MAAJTL,
MAANALU,62
MACH,
MACIND,67
MACPLASQ,25
MACPOWER,62
MADHAV,0
MADHAVBAUG,12.5
MADHAVIPL,25
MADHUCON,62
MADHUDIN,0
MADHURIND,75
MADHUSE,25
MADHUSUDAN,0
MADHUVEER,62
MADRASFERT,62
MAFATIND,100
MAFIA,
MAFLU,
MAGADSUGAR,62
MAGANTR,-1
MAGENTA,
MAGNAELQ,62
MAGNUM,25
MAGSON,0
MAHAANF,88
MAHABANK,50
MAHACORP,0
MAHALXSE,62
MAHAN,
MAHANIN,12
MAHAPEXLTD,75
MAHASTEEL,38
MAHAVIRIND,
MAHEPC,62
MAHESH,
MAHESHWARI,0
MAHICKRA,25
MAHIP,
MAHLIFE,75
MAHLOG,75
MAHSCOOTER,75
MAHSEAMLES,0
MAHSHRE,
MAIDEN,
MAINFRA,88
MAITHANALL,75
MAITREYA,0
MAITRI,0
MAJESAUT,88
MAKERSL,88
MAKS,0
MAL,0
MAL,25
MALLCOM,50
MALUPAPER,12
MANAKALUCO,38
MANAKCOAT,50
MANAKSIA,0
MANAKSTEEL,0
MANALIPETC,75
MANAPPURAM,75
MANAS,
MANAV,50
MANBRO,75
MANCREDIT,25
MANDEEP,50
MANGALAM,62
MANGASOF,
MANGCHEFER,62
MANGIND,25
MANGLMCEM,50
MANGTIMBER,
MANINDS,62
MANINFRA,88
MANJEERA,62
MANKIND,50
MANOMAY,50
MANORAMA,75
MANORG,50
MANPASAND,
MANRAJH,38
MANSIFIN,38
MANUGRAPH,25
MANYAVAR,38
MAPMYINDIA,62
MAPROIN,
MARALOVER,50
MARATHON,75
MARBLE,0
MARBU,50
MARCO,0
MARG,
MARGOFIN,62
MARGPROIN,
MARICO,75
MARINE,75
MARINETRAN,0
MARIS,25
MARKOBENZ,0
MARKOLINES,
MARKSANS,88
MARSHALL,12
MARSONS,50
MARUTI,50
MARUTISE,50
MASCH,-1
MASFIN,88
MASKINVEST,75
MASL,
MASTEK,62
MASTER,0
MASTERTR,75
MATHEWE,100
MATRAREAL,
MATRIMONY,88
MAWANASUG,75
MAXESTATES,75
MAXHEALTH,75
MAXHEIGHTS,75
MAXIMAA,
MAXIMUS,38
MAXIND,75
MAXPOSURE,0
MAXVIL,
MAYUKH,0
MAYUR,
MAYURFL,38
MAYURUNIQ,75
MAZDA,50
MAZDOCK,75
MBAPL,0
MBECL,38
MBLINFRA,75
MCCHRLS-B,88
MCDHOLDING,
MCFL,
MCL,
MCL,25
MCLEODRUSS,50
MCLOUD,75
MCLTD,38
MCON,100
MCPL,
MCX,50
MDL,37.5
MDRNSTL,12
MDRNSUT-B,
MEAPL,50
MEDANTA,50
MEDIAONE,
MEDIASSIST,67
MEDICAMEQ,0
MEDICAPQ,62
MEDICO,38
MEDINOV,12
MEDPLUS,12
MEENST,
MEERA,25
MEFCOM,
MEFCOMCAP,50
MEGACOR,12
MEGAFLEX,37.5
MEGASOFT,25
MEGASTAR,0
MEGATHERM,0
MEGFI,-1
MEGLON,
MEGRISOFT,
MEHAI,38
MEHIF,25
MEHSECU,25
MEHTAHG,75
MELSTAR,50
MENAMANI,
MENNPIS,50
MENONBE,88
MEP,25
MERCANTILE,75
MERCATOR,
MERCTRD,50
MERCURYEV,12
MERCURYLAB,0
MESCON,
MESON,
MESPHAR-B,
METALCO,12
METALFORGE,
METKORE,
METROBRAND,62
METROGLOBL,75
METROPOLIS,62
METSL,62
MFLINDIA,25
MFSINTRCRP,50
MFSL,75
MGEL,25
MGL,75
MHEL,
MHHL,25
MHLXMIRU,12
MHRIL,100
MHSGRMS,
MICEL,100
MICROPRO,0
MICROSE,
MIDEASTP,88
MIDESTI-B,
MIDHANI,62
MIDINDIA,12
MIDINFRA,
MIDPOLY,
MIDWEST,75
MIHIKA,25
MIIL,100
MIL,50
MILEFUR,
MILESTONE,38
MILLENNIUM,38
MILTON,87.5
MINALIND,0
MINAXI,75
MINDACORP,100
MINDPOOL,
MINDSPACE,
MINDTECK,88
MINDTREE,
MINFY,62
MINID,75
MINOLTAF,0
MIRCELECTR,25
MIRZAINT,38
MISHDESIGN,
MISHKA,12
MISHKAFIN,
MISHTANN,25
MISQUITA,
MITCON,62
MITSHI,12
MITSU,
MITTAL,38
MIVENMACH,38
MKEL,
MKEXIM,0
MKPL,12
MKPMOB,75
MKTCREAT,38
MKVENTURES,62
MLINDLTD,75
MLKFOOD,100
MMFL,75
MMLF,25
MMP,75
MMRUBBR-B,0
MMTC,62
MMWL,25
MNIL,75
MNPLFIN,0
MOBILTEL,
MODAIRY,75
MODEX,
MODIHOOV,
MODINATUR,50
MODINSU,38
MODIPON,88
MODIRUBBER,50
MODIS,
MODISONLTD,25
MODMA,
MODRNSH,75
MODTHREAD,83
MODULEX,0
MODWOOL,25
MOHITE,75
MOHITIND,100
MOHITPPR,75
MOHOTAIND,
MOIL,100
MOKSH,0
MOL,62
MOLDTECH,62
MOLDTKPAC,12
MOMAI,
MONARCH,38
MONEL,
MONEYBOXX,75
MONGIPA,50
MONIND,75
MONOPHARMA,0
MONOT,
MONTECARLO,0
MORARJEE,0
MORARKFI,50
MOREPENLAB,75
MORGAN,38
MORGANITE,25
MOS,25
MOSCHIP,100
MOTHERSON,100
MOTILALOFS,62
MOTISONS,8
MOTOGENFIN,25
MOUNT,33
MOXSH,87.5
MPAGI,100
MPCOSEMB,12
MPDL,0
MPFSL,100
MPHASIS,50
MPILCORPL,12
MPL,25
MPSLTD,75
MPTODAY,25
MRCAGRO,38
MRF,38
MRMGAST,
MRO-TEK,12
MRP,
MRPL,75
MRSS,
MRUTR,-1
MSCTC,
MSL,0
MSPL,38
MSRINDIA,25
MSTCLTD,50
MSUMI,75
MTARTECH,25
MTEDUCARE,12
MTNL,62
MTPL,50
MUDRA,-1
MUDUNURU,12
MUFIN,17
MUFTI,17
MUKANDLTD,38
MUKATPIP,50
MUKESHB,88
MUKKA,83
MUKTA,50
MUKTAARTS,38
MUL,
MULLER,75
MULTIBASE,38
MULTIIN,-1
MUNCAPM,12
MUNJALAU,62
MUNJALSHOW,50
MUNOTHFI,12
MURAE,0
MURUDCERA,75
MUTHOOTCAP,50
MUTHOOTFIN,75
MUTHOOTMF,50
MUZALI,
MVCOTSP,
MVGJL,8
MVKAGRO,0
MVL,
MWL,25
MWTEXX,
MYMONEY,17
MYSORPETRO,75
MYSPAPE,
MYSTICELE,25
NACHKNIT,
NACLIND,50
NAGAFERT,62
NAGPI,38
NAGREEKCAP,62
NAGREEKEXP,50
NAGTECH,75
NAHARCAP,88
NAHARINDUS,62
NAHARPOLY,100
NAHARSPING,62
NAKODA,
NAKSH,0
NAM,50
NAMAN,66.67
NAM-INDIA,75
NAPEROL,50
NAPL,0
NARBADA,0
NARMADA,0
NARMP,12
NARPROP,0
NARSM,
NATCAPSUQ,38
NATCOPHARM,75
NATFIT,38
NATGENI,50
NATHBIOGEN,62
NATHIND,50
NATHUEC,75
NATIONALUM,75
NATIONSTD,12
NATPLAS,25
NATPLASTI,25
NATPLY,0
NATRAJPR,25
NATURAL,38
NATURO,
NAUKRI,75
NAVA,100
NAVIGANT,
NAVINFLUOR,50
NAVKAR,50
NAVKARCORP,100
NAVKETAN,
NAVNETEDUL,62
NAVODAYENT,
NAZARA,62
NBCC,75
NBFOOT,12
NBIFIN,75
NBL,25
NCC,75
NCCBLUE,25
NCCFIN,
NCLIND,75
NCLRESE,75
NDASEC,12
NDGL,75
NDL,62
NDLVENTURE,25
NDMETAL,62
NDRAUTO,25
NDRINVIT,
NDTV,12
NEAGI,75
NECCLTD,38
NECLIFE,38
NEELKAN,75
NEELKANTH,12
NEERAJ,50
NEGOTIUM,
NEHAINT,
NEIL,25
NELCAST,38
NELCO,62
NEOCORP,
NEOGEN,100
NEOINFRA,75
NESCO,75
NESTLEIND,75
NETLINK,50
NETPIX,67
NETRIPPLES,
NETTLINX,88
NETWEB,67
NETWORK18,12
NEULANDLAB,88
NEWEVER,
NEWGEN,75
NEWINFRA,38
NEWJAISA,0
NEWLIGHT,25
NEWMKTADV,-1
NEXTMEDIA,38
NEXUSSURGL,38
NEYCERI,
NFIL,
NFL,62
NGIL,25
NGIND,50
NGLFINE,88
NH,25
NHCFOODS,62
NHIT,
NHPC,50
NIACL,50
NIBE,75
NIBL,75
NICCO,
NICCOPAR,62
NICCOUCO,
NIDAN,62.5
NIDHGRN,75
NIHARINF,25
NIITLTD,25
NIITMTS,50
NIJJER,
NIKHILAD,12
NIKKIGL,25
NIKSTECH,66.67
NILACHAL,0
NILAINFRA,88
NILASPACES,88
NILE,62
NILKAMAL,38
NIMBSPROJ,38
NIMBUSFOO,
NINSYS,50
NIPPOBATRY,0
NIRAJ,88
NIRAJISPAT,-1
NIRAVCOM,38
NIRBHAYIND,-1
NIRLON,38
NIRMAN,12.5
NIRMITEE,50
NITCO,75
NITINCAST,100
NITINFIRE,
NITINSPIN,62
NITIRAJ,75
NITTAGELA,50
NIVAKA,38
NIVINFRA,
NIYOGIN,12
NKIND,12
NLCINDIA,50
NLFL,38
NMDC,75
NMSRESRC,0
NNTL,25
NOCIL,75
NOESISIND,
NOGMIND,0
NOIDATOLL,50
NOL,25
NORBTEAEXP,88
NORRIS,0
NORTHLINK,100
NOUVEAU,25
NOVAAGRI,50
NOVAGOLD,
NOVARTIND,
NOVATEOR,
NOVIS,0
NPRFIN,62
NPST,37.5
NRAIL,75
NRBBEARING,62
NRINTER,
NRL,62
NSIL,75
NSL,
NSLNISP,25
NTCIND,62
NTL,50
NTPC,62
NUCLEUS,75
NURECA,25
NUTECGLOB,12
NUTECH,
NUTEK,
NUTRA,
NUTRICIRCLE,75
NUVAMA,50
NUVOCO,62
NUWAY,67
NVENTURES,
NXST,
NYKAA,75
NYSSACORP,38
OAL,50
OASIS,
OASISEC,62
OBCL,38
OBEROIRLTY,75
OBIL,
OCCL,62
OCEANIC,
OCTAL,100
OCTAVE,38
OCTAVIUSPL,25
OCTAWARE,
ODYCORP,50
ODYSSEY,62
OFSS,75
OIL,75
OILCOUNTUB,25
OIVL,0
OKPLA,25
OLATECH,
OLECTRA,25
OLIL,0
OLPCL,0
OLYMPTX,0
OLYMTFI,
OLYOI,62
OMANSH,
OMAXAUTO,75
OMAXE,75
OMEAG,
OMEGAIN,25
OMFURN,50
OMINFRAL,62
OMKAR,75
OMKARCHEM,12
OMKARPH,50
OMNIAX,38
OMNIPOTENT,
OMNITEX,50
ONDOOR,0
ONEGLOBAL,100
ONELIFECAP,0
ONEPOINT,88
ONGC,62
ONMOBILE,25
ONTIC,0
ONWARDTEC,12
OONE,0
OPAL,
OPCHAINS,
OPTIEMUS,88
OPTIFIN,75
OPTOCIRCUI,
ORBTEXP,50
ORCHASP,0
ORCHPHARMA,62
ORGANICREC,
ORGCOAT,100
ORIANA,0
ORIBEVER,75
ORICONENT,62
ORIENTALTL,50
ORIENTBELL,75
ORIENTCEM,50
ORIENTCER,50
ORIENTELEC,100
ORIENTHOT,75
ORIENTLTD,62
ORIENTPPR,75
ORIENTTR,75
ORIRAIL,62
ORISSAMINE,62
ORISSASP,
OROSMITHS,0
ORTEL,62
ORTINLAB,88
OSCARGLO,38
OSEASPR,
OSEINTRUST,
OSIAHYPER,0
OSIAJEE,12
OSWALAGRO,50
OSWALEA,75
OSWALGREEN,75
OSWALOR,75
OSWALSEEDS,38
OSWAYRN,38
OTCO,62
OVOBELE,0
OWAIS,0
OXFORDIN,
OXYGENTAPH,25
PACE,
PACIFICI,100
PACT,
PADALPO,62
PADAMCO,25
PADMAIND,75
PADMALAYAT,12
PAEL,
PAGEIND,100
PAISALO,75
PAKKA,25
PALASHSECU,88
PALCO,12
PALMJEWELS,75
PALREDTEC,0
PANABYTE,38
PANACEABIO,12
PANACHE,62
PANAENERG,50
PANAFIC,38
PANAMAPET,100
PANCARBON,75
PANCHMAHQ,62
PANCHSHEEL,25
PANCM,88
PANELEC,62
PANIDPR,
PANINDIAC,0
PANJON,62
PANKAJPIYUS,100
PANKAJPO,50
PANORAMA,75
PANSARI,38
PANTH,12
PAOS,100
PAR,38
PARACABLES,0
PARADEEP,62
PARAGMILK,12
PARAGON,0
PARAGONF,38
PARAS,75
PARASPETRO,75
PARIN,75
PARKERAC,0
PARKHOTELS,50
PARLEIND,38
PARMAX,12
PARMCOS-B,38
PARMSILK,
PARNAXLAB,25
PARSHVA,75
PARSHWANA,50
PARSOLI,
PARSVNATH,25
PARTANI,
PARTYCRUS,87.5
PARVATI,50
PASARI,75
PASHUPATI,100
PASUFIN,50
PASUPTAC,38
PASUSPG,75
PATANJALI,62
PATELENG,62
PATELSAI,75
PATIDAR,25
PATINTLOG,50
PATRON,
PATSPINLTD,25
PATTECH,
PAUSHAKLTD,62
PAVNAIND,38
PAWANSUT,
PAYTM,25
PAZEL,
PBAINFRA,
PBFL,
PBGLOBAL,
PBMPOLY,62
PCBL,75
PCCOSMA,62
PCJEWELLER,62
PCL,
PCS,62
PDMJEPAPER,100
PDPL,
PDSL,62
PEARLPOLY,12
PECOS,
PEETISEC,50
PEL,38
PELTD,
PENIND,75
PENINLAND,100
PENNARALUM,
PENTAGOLD,
PENTAGON,0
PENTAGRAPH,
PEOPLIN,75
PERFECT,37.5
PERFEPA,38
PERMAGN,25
PERSISTENT,88
PERVASIVE,-1
PESB,
PETPLST,
PETRONENGG,
PETRONET,75
PFC,50
PFIZER,62
PFLINFOTC,25
PFOCUS,75
PFS,38
PGCRL,
PGEL,100
PGFOILQ,25
PGHH,25
PGHL,62
PGIL,62
PGINVIT,
PHANTOMFX,37.5
PHARMAID,12
PHCAP,75
PHOENIXLTD,75
PHOENIXTN,62
PHOENXINTL,25
PHOSPHATE,25
PHOTON,62
PHOTOQUP,12
PHRMASI,100
PHTRADING,-1
PHYTO,0
PICCADIL,50
PICCASUG,62
PICTUREHS,62
PIDILITIND,75
PIFL,62
PIGL,75
PIIND,75
PILANIINVS,75
PILITA,12
PINCON,
PINCONLIFE,
PINEANIM,
PIONAGR,88
PIONDIST,
PIONEEREMB,75
PIONRINV,38
PIOTEX,
PITHP,0
PITTIENG,75
PIXTRANS,88
PJL,
PKTEA,100
PLADAINFO,0
PLASTIBLEN,38
PLATIND,50
PLAZACABLE,17
PMCFIN,62
PML,12
PMTELELIN,12
PNB,38
PNBGILTS,75
PNBHOUSING,50
PNC,75
PNCINFRA,50
PNTKYOR,12
POBS,
POCL,75
PODDARHOUS,0
PODDARMENT,75
POEL,75
POKARNA,75
POLICYBZR,62
POLOHOT,12
POLSON,12
POLYCAB,100
POLYCHEM,50
POLYCHMP,50
POLYCON,88
POLYLINK,75
POLYMAC,
POLYMED,75
POLYPLEX,75
POLYSIL,0
POLYSPIN,12
POLYTEX,75
PONNIERODE,75
POOJA,38
POOJAENT,75
POONADAL,88
POONAWALLA,25
POPEES,25
POPULARES,12
PORWAL,75
POWERGRID,100
POWERINDIA,75
POWERMECH,-1
PPAP,62
PPL,100
PPLPHARMA,75
PQIF,25
PRABHAVIN,
PRABHHANS,12
PRADHIN,0
PRADPME,50
PRAENG,75
PRAGBOS,12
PRAJIND,75
PRAKASH,62
PRAKASHSTL,25
PRAMARA,0
PRATHAM,0
PRATIBHA,
PRATIK,12
PRATIKSH,0
PRAVEG,25
PRAXIS,0
PRECAM,12
PRECISIO,88
PRECISION,
PRECISION,50
PRECOT,75
PRECWIRE,100
PREMCAP,12
PREMCAPM,
PREMCO,62
PREMEXPLN,75
PREMIER,88
PREMIERPOL,62
PREMPIPES,
PREMSYN,50
PRERINFRA,88
PRESHAMET,
PRESSMN,
PRESSTONIC,0
PRESSURS,25
PRESTIGE,100
PREVEST,
PRICOLLTD,75
PRIMAGR,12
PRIMAIN,75
PRIMAPLA,75
PRIMECAPM,17
PRIMEFRESH,
PRIMEPRO,38
PRIMESECU,75
PRIMEURB,50
PRIMIND,38
PRIMO,12
PRINCEPIPE,62
PRISMFN,8
PRISMMEDI,25
PRISMX,12
PRITHVIEXCH,75
PRITI,12
PRITIKA,50
PRITIKAUTO,25
PRIVISCL,75
PRIYALT,50
PRLIND,66.67
PROCAL,100
PROCLB,62
PROFINC,0
PROGREXV,62
PROLIFE,25
PROMACT,38
PROMAX,
PROPEQUITY,75
PROTEAN,25
PROV,37.5
PROZONER,38
PRSMJOHNSN,62
PRSNTIN,62
PRUDENT,100
PRUDMOULI,
PSAL,
PSB,25
PSITINFRA,0
PSPPROJECT,25
PTC,38
PTCIL,50
PTIL,
PTL,62
PULSRIN,100
PULZ,0
PUNCTRD,
PUNJABCHEM,75
PUNJCOMMU,75
PUNJLLOYD,
PURITY,-1
PUROHITCON,
PURPLE,12
PURPLEFIN,-1
PURSHOTTAM,38
PURVA,100
PURVFLEXI,0
PVP,25
PVRINOX,38
PVSL,50
PVVINFRA,12
PWASML,50
PYRAMID,33
PYXISFIN,
QFIL,50
QGO,25
QLL,
QMSMEDI,50
QRIL,
QUADPRO,0
QUADRANT,100
QUANTBUILD,12
QUANTDIA,12
QUASAR,38
QUESS,62
QUEST,38
QUESTCAP,50
QUESTLAB,33
QUICKHEAL,62
QUICKTOUCH,0
QUINT,0
QUINTEGRA,75
RAAJMEDI,75
RACCL,
RACE,100
RACLGEAR,25
RACONTEUR,
RADAAN,25
RADHEDE,0
RADHIKAJWE,50
RADIANTCMS,12
RADICO,75
RADIOCITY,50
RADIOWALLA,50
RADIXIND,38
RAFL,
RAGHUNAT,50
RAGHUSYN,38
RAGHUTOB,25
RAHME,83
RAIDEEPIND,
RAILTEL,100
RAIN,38
RAINBOW,25
RAINBOWDQ,
RAINBOWF,62
RAINBOWPAP,
RAJABAH,75
RAJATH,50
RAJESHEXPO,0
RAJGASES,75
RAJINFRA,50
RAJKOTINV,33
RAJKSYN,62
RAJMET,0
RAJNISH,0
RAJOOENG,75
RAJPACK,12
RAJPALAYAM,88
RAJPUTANA,12
RAJRATAN,38
RAJRILTD,0
RAJSAN,
RAJSPTR,75
RAJSREESUG,50
RAJTUBE,0
RAJTV,25
RAJVI,75
RAJVIR,62
RALEGRA,75
RALLIS,75
RAMANEWS,25
RAMAPETRO,75
RAMAPHO,25
RAMAPPR-B,0
RAMASIGNS,0
RAMASTEEL,12
RAMAVISION,75
RAMCOCEM,50
RAMCOIND,75
RAMCOSYS,38
RAMGOPOLY,0
RAMINFO,25
RAMKY,25
RAMRAT,75
RAMSARUP,
RAMSONS,62
RANASUG,62
RANCC,
RANDER,100
RANEENGINE,88
RANEHOLDIN,62
RANJEET,
RANJITSE,
RAP,62
RAPICUT,25
RAPIDIN,67
RASANDIK,50
RASIELEC,62
RASRESOR,38
RASSIREF,25
RATEGAIN,62
RATHIBAR,62
RATHIGRA,
RATHIST,25
RATNABHUMI,100
RATNAMANI,100
RATNAVEER,75
RAUNAQEPC,50
RAVALSUGAR,75
RAWEDGE,25
RAYALEMA,75
RAYLA,75
RAYMOND,100
RBA,38
RBGUPTA,75
RBL,75
RBLBANK,62
RBMINFRA,62.5
RBS,50
RBZJEWEL,50
RCAN,
RCCEMEN,50
RCCL,50
RCDL,0
RCF,62
RCIIND,25
RCL,62
RCOM,62
RDBRIL,50
RDBRL,50
REALECO,25
RECLTD,50
REDINGTON,75
REDTAPE,67
REETECH,
REFEX,62
REFEXRENEW,25
REFNOL,
REFRACTORY,75
REGAL,
REGENCERAM,88
REGENCY,88
REGENTRP,12
REGIS,62
REGTRUS,62
RELAXO,50
RELCAPITAL,
RELCHEMQ,50
RELIABLE,37.5
RELIABVEN,12
RELIANCE,50
RELICAB,88
RELICTEC,0
RELIGARE,88
RELINFRA,38
RELSTRUCT,
RELTD,12
REMIEDEL,25
REMLIFE,0
REMSONSIND,100
REMUS,0
RENUKA,62
REPCOHOME,75
REPL,12
REPRO,0
RESGEN,
RESONANCE,38
RESPONIND,62
RESPONSINF,25
RESTILE,50
RETINA,
REVAORG,
REXNORD,50
REXPIPES,50
REXSEAL,
RFLL,0
RFSL,17
RGCORP,
RGF,
RGIL,67
RGL,25
RGRL,12
RHETAN,75
RHFL,38
RHIM,12
RHL,100
RIBATEX,75
RICHA,0
RICHAIND,38
RICHIRICH,75
RICHUNV,75
RICOAUTO,75
RIDDHI,75
RIDDHICORP,0
RIDHISYN,-1
RIDINGS,
RIGASUG,
RIIL,62
RILINFRA,50
RIR,62
RISAINTL,12
RISHABH,8
RISHDIGA,62
RISHILASE,75
RISHIROOP,25
RISHITECH,62
RISHYRN,67
RITCO,75
RITES,62
RITESHIN,12
RITEZONE,0
RITHWIKFMS,
RJBIOTECH,
RJSHAH,50
RKB,
RKDAGRRTL,25
RKDL,75
RKEC,62
RKFORGE,75
RKSWAMY,33
RLF,62
RLFL,12
RLL,
RMC,
RMCHEM,
RMCL,
RMDRIP,75
RML,62
RMMIL,
RNAVAL,
RNBDENIMS,88
ROBU,
ROCKINGDCE,0
RODIUM,38
ROHITFERRO,
ROHLTD,50
ROJL,62
ROLCOEN,12
ROLEXRINGS,75
ROLLT,75
ROLTA,62
ROML,12
RONI,
ROOPAIND,25
ROOPSHRI,
ROSELABS,50
ROSEMER,50
ROSSARI,62
ROSSELLIND,75
ROTO,100
ROUTE,75
ROXHITECH,0
ROYAL,
ROYALCU,88
ROYALIND,100
RPEL,75
RPGLIFE,62
RPOWER,62
RPPINFRA,75
RPPL,0
RPSGVENT,75
RPTECH,50
RRETAIL,38
RRFIN,12
RRIL,25
RRKABEL,67
RRMETAL,0
RRSECUR,33
RSCINT,75
RSDFIN,88
RSSOFTWARE,75
RSTL,
RSWM,88
RSYSTEMS,62
RTFL,100
RTNINDIA,88
RTNPOWER,62
RTSPOWR,25
RUBFILA,62
RUBY,
RUBYMILLS,88
RUCHINFRA,12
RUCHIRA,88
RUDRA,100
RUDRAECO,75
RUDRAGAS,
RULKA,-1
RUNEECHA,
RUNGTAIR,100
RUPA,75
RUSHIL,88
RUSTOMJEE,38
RVHL,12
RVNL,100
S&SPOWER,50
SAAKSHI,0
SAB,25
SABAR,37.5
SABEVENTS,75
SABOOSOD,62
SABTNL,75
SACHEMT,38
SADBHAV,38
SADBHIN,12
SADHAV,0
SADHNA,12
SADHNANIQ,25
SAENTER,75
SAFALHBS,
SAFALSEC,
SAFARI,62
SAFFRON,62
SAGAR,
SAGARDEEP,38
SAGARSOFT,25
SAGARSYST,
SAGCEM,62
SAGL,17
SAGRSOY-B,50
SAH,0
SAHAJ,0
SAHANA,75
SAHARA,
SAHARAHOUS,38
SAHLIBHFI,100
SAHYADRI,62
SAI,
SAIBABA,
SAICAPI,38
SAICOM,62
SAIFL,0
SAIL,38
SAILANI,
SAINDUS,
SAINIK,62
SAINTGOBAIN,88
SAKAR,0
SAKHTISUG,62
SAKSOFT,38
SAKTHIFIN,38
SAKUMA,75
SALASAR,12
SALAUTO,50
SALEM,12
SALGUTI,100
SALONA,62
SALORAINTL,38
SALSAIN,-1
SALSTEEL,75
SALZERELEC,75
SAMBANDAM,25
SAMBHAAV,25
SAMHI,33
SAMINDUS,12
SAMKRG,75
SAMOR,62
SAMPANN,100
SAMPRE,12
SAMRATFORG,12
SAMRATPH,0
SAMSRITA,75
SAMTELIN,
SAMTEX,62
SAMYAKINT,62
SANASATECH,
SANBLUE,100
SANCF,0
SANCO,100
SANCODE,
SANCTRN,75
SANDESH,100
SANDHAR,75
SANDPLAST,
SANDUMA,67
SANDUPHQ,0
SANGAMFIN,38
SANGAMIND,38
SANGANI,0
SANGHCO,
SANGHIIND,25
SANGHVIMOV,38
SANGINITA,0
SANGUI,
SANHP,
SANINFRA,0
SANJIVIN,75
SANKHYAIN,
SANOFI,75
SANPA,75
SANSERA,100
SANTETX,88
SANTOSHF,0
SANWARIA,25
SAPANCHEM,
SAPL,50
SAPPHIRE,75
SAPPL,50
SARDAEN,50
SAREGAMA,75
SARLAPOLY,75
SAROJA,0
SARTELE,0
SARTHAKGL,50
SARTHAKIND,12
SARUPINDUS,75
SARVESHWAR,12
SARVOTTAM,12
SASHWAT,75
SASKEN,88
SASTASUNDR,25
SATAGRI,-1
SATCH,38
SATHAISPAT,
SATIA,88
SATIN,38
SATINDLTD,50
SATRAPROP,75
SATTRIX,
SAUMYA,50
SAURASHCEM,50
SAVERA,38
SAVFI,75
SAVINFOCO,75
SAWABUSI,0
SAYAJIHOTL,75
SAYAJIIND,12
SBC,50
SBCL,25
SBECSUG,75
SBECSYS,12
SBFC,50
SBFL,50
SBGLP,75
SBICARD,50
SBIHOMEFIN,
SBILIFE,75
SBIN,62
SBL,
SBLI,
SBRANDS,
SBTL,
SBVCL,
SCAGRO,100
SCANPGEOM,75
SCANPRO,75
SCANSTL,25
SCARNOSE,
SCBL,62
SCC,62
SCHAEFFLER,75
SCHAND,62
SCHNEIDER,75
SCI,62
SCILAL,67
SCL,88
SCML,0
SCOOBEEDAY,12
SCOOTER,
SCPL,75
SCTL,12
SDBL,12
SDC,
SDL,75
SEACOAST,75
SEALMATIC,
SEAMECLTD,75
SEASONF,
SEASONST,38
SEATV,75
SECHE,
SECL,0
SECMARK,33
SECURCRED,0
SECURKLOUD,0
SEIL,50
SEITINVIT,
SEJALLTD,38
SEL,50
SEL,0
SELAN,62
SELLWIN,62
SELMC,0
SEMAC,0
SEML,
SENCO,75
SENINFO,25
SEPC,50
SEQUENT,50
SERA,88
SERIND,
SERVICE,0
SERVOTEACH,50
SERVOTECH,88
SESHACHAL,
SESHAPAPER,50
SETCO,88
SETUINFRA,67
SEVENHILL,62
SEYAIND,75
SFL,25
SFPIL,25
SFSL,
SGARRES,
SGFIN,0
SGFRL,
SGIL,38
SGL,88
SGMART,50
SGNTE,25
SGRL,75
SHAH,38
SHAHALLOYS,25
SHAHCON,-1
SHAHFOOD,62
SHAHISHIP,100
SHAHLON,38
SHAILJA,
SHAILY,100
SHAIVAL,
SHAKTIPR,
SHAKTIPUMP,100
SHALBY,50
SHALIWIR,25
SHALPAINTS,0
SHALPRO,100
SHAMROIN,12
SHANGAR,100
SHANKARA,38
SHANTAI,0
SHANTHALA,0
SHANTI,25
SHANTIDENM,
SHANTIGEAR,88
SHANTIGURU,
SHAQUAK,12
SHARDACROP,75
SHARDAMOTR,100
SHARDUL,62
SHAREINDIA,12
SHARIKA,75
SHARMEH,
SHARONBIO,
SHARP,100
SHARPINV,88
SHARPLINE,12
SHASHANK,
SHASHIJIT,0
SHAWGELTIN,38
SHBAJRG,88
SHBHAWPA,
SHEETAL,
SHEETALB,
SHELTER,
SHEMAROO,12
SHENTRA,
SHERA,37.5
SHERVANI,75
SHESHAINDS,0
SHETR,25
SHGANEL,38
SHHARICH,25
SHIGAN,0
SHIKHAR,
SHIKHARLETR,
SHILCTECH,25
SHILGRAVQ,62
SHILINDORE,0
SHILPAMED,100
SHINDL,75
SHINEFASH,
SHIRPUR-G,
SHISHIND,25
SHIVA,0
SHIVAAGRO,25
SHIVACEM,75
SHIVAEXPO,
SHIVAGR,88
SHIVALIK,50
SHIVAM,
SHIVAMAUTO,62
SHIVAMILLS,25
SHIVATEX,62
SHIVAUM,
SHIVKAMAL,
SHK,50
SHKALYN,75
SHKARTP,0
SHLAKSHMI,
SHOORA,
SHOPERSTOP,88
SHPLPUNE,75
SHRAAITECH,67
SHRADDHA,12
SHRADHA,100
SHRAJOI,
SHRAJSYNQ,75
SHRDAIS,100
SHREDIGCEM,62
SHREE,
SHREECEM,62
SHREEGANES,0
SHREEJAL,
SHREEKARNI,0
SHREEOSFM,0
SHREEPAC,50
SHREEPUSHK,62
SHREERAM,
SHREERAMA,62
SHREESEC,
SHREESHAY,
SHREETULSI,
SHREMETAL,38
SHREMINVIT,
SHRENIK,25
SHRENTI,
SHREYANIND,62
SHREYAS,38
SHREYASI,62
SHRIBCL,
SHRICON,38
SHRIDINE,62
SHRIGANG,25
SHRIKRISH,0
SHRINIWAS,50
SHRIPISTON,75
SHRIRAMFIN,100
SHRIRAMPPS,50
SHRISTI,12
SHRITECH,0
SHRJAGP,100
SHRMFGC,75
SHRYDUS,0
SHUBHAM,25
SHUBHLAXMI,0
SHUKJEW,38
SHUKRAPHAR,75
SHVFL,100
SHVSUIT,8
SHYAM,
SHYAMAINFO,50
SHYAMCENT,12
SHYAMMETL,62
SHYAMTEL,62
SHYMINV,75
SIBARAUT,62
SICAGEN,88
SICALLOG,0
SICAPIT,50
SICL,100
SICLTD,
SIDDH,
SIDDHA,25
SIDDHEGA,8
SIDDHIKA,75
SIDH,
SIEL,0
SIELFNS,100
SIEMENS,75
SIFL,
SIGACHI,12
SIGIND,50
SIGMA,62
SIGNATURE,75
SIGNORIA,8
SIGNPOST,25
SIGRUN,
SIIL,12
SIIL,
SIKA,75
SIKKO,62
SIKOZY,12
SIL,75
SILGO,75
SILICON,
SILINV,75
SILKFLEX,50
SILLYMONKS,38
SILVERLINE,
SILVERO,50
SILVERPRL,
SILVERTUC,62
SILVOAK,62
SIMBHALS,62
SIMMOND,88
SIMPLEXCAS,75
SIMPLEXINF,62
SIMPLXMIL,38
SIMPLXPAP,50
SIMPLXREA,75
SIMRAN,12
SINCLAIR,33
SINDHUTRAD,0
SINDUVA,-1
SINGER,12
SINNAR,67
SINTERCOM,75
SIPIND,
SIPL,0
SIPTL,12
SIRCA,38
SIROHIA,
SIS,38
SISL,
SITAENT,75
SITINET,12
SIYARAM,
SIYSIL,38
SIZEMASTER,75
SJCORP,75
SJLOGISTIC,0
SJS,75
SJVN,25
SKC,0
SKCIL,12
SKFINDIA,75
SKFL,
SKIEL,
SKIFL,
SKIL,-1
SKILVEN,
SKIPPER,62
SKL,
SKMEGGPROD,12
SKP,37.5
SKP,
SKPMIL,25
SKPSEC,75
SKRABUL,62
SKSTEXTILE,
SKUMAR,
SKYGOLD,100
SKYIND,38
SKYLMILAR,50
SLONE,75
SLSTLQ,25
SMADL,
SMARITIME,
SMARTFIN,0
SMARTLINK,62
SMAUTO,
SMCGLOBAL,75
SMCREDT,
SMEL,
SMENER,
SMFIL,38
SMGOLD,12
SMIFS,25
SML,25
SMLISUZU,50
SMLT,0
SMRUTHIORG,12
SMSLIFE,62
SMSPHARMA,75
SMSTECH,
SMVD,
SNIM,0
SNL,62
SNOWMAN,62
SNTCL,
SOBHA,75
SOBME,75
SODFC,0
SOFCOM,0
SOFTBPO,0
SOFTRAKV,75
SOFTSOL,75
SOFTTECH,75
SOLARA,75
SOLARINDS,75
SOLEX,75
SOLIDSTON,38
SOLIMAC,62
SOLISMAR,
SOLITIN,
SOMANYCERA,75
SOMAPPR,
SOMATEX,38
SOMICONVEY,75
SONACOMS,38
SONAL,62
SONALAD,12
SONALIS,
SONAMAC,0
SONAMLTD,50
SONATSOFTW,12
SONISOYA,
SONUINFRA,50
SORILINFRA,
SOTAC,0
SOTL,62
SOUISPAT,
SOURCEIND,25
SOURCENTRL,100
SOUTHBANK,38
SOUTHERNIN,62
SOUTHMG,25
SOUTHWEST,0
SOUTLAT,62
SOVERDIA,25
SOWBHAGYA,
SPACAPS,
SPACEINCUBA,12
SPAL,100
SPANDANA,0
SPAR,25
SPARC,38
SPCAPIT,62
SPCENET,62
SPECFOOD,12
SPECIALITY,12
SPECIAPP,
SPECTRA,25
SPECTRUM,100
SPECTSTM,0
SPELS,100
SPENCERS,12
SPENTA,0
SPENTEX,
SPIC,50
SPICEISL,38
SPICEJET,
SPICY,
SPITZE,
SPL,
SPLIL,38
SPLPETRO,75
SPMLINFRA,75
SPORTKING,62
SPRAYKING,0
SPRIGHT,100
SPRL,
SPS,25
SPSINT,75
SPSL,25
SPTL,38
SPTRSHI,62
SPVGLOBAL,-1
SPYL,75
SRAMSET,50
SRD,12
SRDAPRT,75
SRDL,
SRECR,38
SREEJAYA,100
SREEL,12
SRESTHA,100
SRF,62
SRGHFL,50
SRGSFL,
SRHHYPOLTD,25
SRICC,
SRIKPRIND,38
SRIMT,
SRINACHA,12
SRINANDAA,
SRIND,0
SRIRAM,
SRIVAJRA,
SRIVASAVI,50
SRL,
SRM,33
SRMCL,75
SRMENERGY,0
SRPL,0
SRPML,
SRSLTD,
SRSOLTD,
SRUSTEELS,0
SSFL,0
SSINFRA,
SSLEL,88
SSPDL,50
SSPNFIN,
SSTL,
SSWL,25
SSWRL,75
STAL,
STANCAP,0
STANPACK,0
STANROS,50
STAR,75
STARCEMENT,38
STARCOM,25
STARDELTA,12
STARHEALTH,25
STARHFL,0
STARLENT,50
STARLIT,12
STARLITE,25
STARLOG,12
STARPAPER,75
STARTECK,50
STCINDIA,88
STCORP,25
STDBAT,12
STDSFAC,0
STDSHOE,50
STEELCAS,75
STEELCITY,75
STEELCO,
STEELXIND,88
STEERINTER,
STEL,100
STELLANT,75
STELLAR,
STEP2COR,12
STEPHANOTIS,
STERPOW,75
STERTOOLS,62
STEWARTQ,
STHINPA,75
STL,12
STLSTRINF,62
STLTECH,75
STML,
STONEIN,
STOVACQ,38
STOVEKRAFT,100
STRAEXPO,-1
STRATMONT,0
STRGRENWO,50
STRLGUA,100
STURDY,0
STYLAMIND,62
STYRENIX,75
SUBEXLTD,25
SUBHTEX,
SUBROS,75
SUBSM,12
SUCROSA,0
SUDAI,62
SUDARSCHEM,75
SUDARSHAN,
SUDTIND-B,0
SUERYAAKNI,
SUGALDAM,50
SUICH,
SUJALA,62
SUKHJITS,50
SULA,12
SULABEN,50
SUMEDHA,38
SUMEETINDS,0
SUMERUIND,0
SUMICHEM,75
SUMIT,75
SUMMITSEC,75
SUMUKA,88
SUNBRIGHT,
SUNCITYSY,75
SUNCLAY,33
SUNDARAM,50
SUNDARMFIN,75
SUNDARMHLD,62
SUNDRMBRAK,62
SUNDRMFAST,100
SUNFLAG,62
SUNGOLD,100
SUNGRAN,
SUNILAGR,0
SUNILTX,62
SUNITATOOL,
SUNITEE,
SUNLOC,62
SUNPHARMA,62
SUNRAJDI,50
SUNREST,0
SUNRETAIL,
SUNRINV,-1
SUNSHIEL,62
SUNSOUI,
SUNTECK,75
SUNTV,75
SUPDF,
SUPER,25
SUPERBAK,25
SUPERHOUSE,50
SUPERIOR,50
SUPERNOVA,
SUPERSHAKT,
SUPERSPIN,50
SUPERSYN,
SUPERTEX,38
SUPRAJIT,75
SUPRAPFSL,50
SUPRATRE,75
SUPREME,12
SUPREMEENG,50
SUPREMEIND,75
SUPREMEINF,25
SUPREMEPWR,0
SUPRIYA,75
SUPTANERY,50
SURAJ,38
SURAJEST,75
SURAJLTD,25
SURANASOL,50
SURANAT&P,100
SURANI,0
SURATRAML,0
SURBHIN,
SURFI,50
SURINDL,
SURJIND,0
SURYAAMBA,0
SURYACHAKRA,
SURYAINDIA,-1
SURYALA,12
SURYALAXMI,50
SURYAROSNI,50
SURYODAY,38
SURYVANSP,38
SUTLEJTEX,62
SUULD,0
SUUMAYA,
SUVEN,38
SUVENPHAR,75
SUVIDHAA,0
SUYOG,38
SUZLON,100
SVAINDIA,-1
SVAMSOF,0
SVARTCORP,25
SVCIND,50
SVCRES,
SVGLOBAL,88
SVJ,
SVLL,62
SVPGLOB,50
SVRL,
SVS,
SW1,12
SWADEIN,75
SWADHATURE,-1
SWADPOL,38
SWAGTAM,62
SWANAGRO,
SWANENERGY,50
SWARAJ,75
SWARAJENG,100
SWARNSAR,12
SWASTIK,0
SWASTIKA,75
SWASTIVI,12
SWATIPRO,75
SWELECTES,50
SWISSMLTRY,
SWITCHTE,75
SWOEF,17
SWORDEDGE,38
SWRNASE,12
SWSOLAR,62
SYBLY,38
SYLPH,0
SYMBIOX,25
SYMPHONY,62
SYNCOMF,50
SYNGENE,50
SYNOPTICS,0
SYNTHFO,25
SYRMA,38
SYSCHEM,0
SYSTANGO,37.5
SYSTMTXC,75
SYTIXSE,12
TAALENT,62
TAAZAINT,
TAC,33.33
TAHMARENT,100
TAIIND,12
TAINWALCHM,88
TAJGVK,50
TAKE,12
TALBROAUTO,75
TALBROSENG,12
TALWALKARS,
TALWGYM,
TAMBOLIIN,0
TANAA,75
TANFACIND,50
TANLA,38
TANVI,
TAPARIA,50
TAPIFRUIT,62.5
TARACHAND,0
TARAI,38
TARAPUR,75
TARC,75
TARINI,
TARMAT,25
TARSONS,50
TASHIND,-1
TASTYBITE,12
TATACHEM,62
TATACOFFEE,
TATACOMM,62
TATACONSUM,38
TATAELXSI,38
TATAINVEST,38
TATAMETALI,
TATAMOTORS,38
TATAPOWER,50
TATASTEEL,75
TATASTLLP,
TATATECH,17
TATAYODOGA,50
TATIAGLOB,62
TATVA,50
TAVERNIER,75
TBI,-1
TBOTEK,75
TBZ,88
TCC,83
TCFCFINQ,62
TCI,62
TCIEXP,25
TCIFINANCE,100
TCIIND,75
TCL,0
TCLCONS,75
TCMLMTD,12
TCNSBRANDS,75
TCPLPACK,75
TCS,50
TDPOWERSYS,75
TDSL,12
TEAMLEASE,25
TECHCON,-1
TECHIN,12
TECHKGREEN,
TECHLABS,0
TECHM,100
TECHNOE,100
TECHNOFAB,
TECHNOPACK,
TECHNVISN,50
TECHTREK,
TECILCHEM,75
TEEAI,62
TEEM,
TEGA,75
TEJASNET,75
TEJASSVI,8
TEJINFOWAY,
TEJNAKSH,0
TELECABL,
TELECANOR,
TELESYS,38
TELOGICA,25
TEMBO,62
TERAI,88
TERASOFT,62
TERRAFORM,
TERRAREAL,
TERRASCOPE,
TEXELIN,12
TEXINFRA,75
TEXMOPIPES,25
TEXPI,
TEXRAIL,75
TFCILTD,75
TFL,100
TFLL,
TFSL,-1
TGBHOTELS,88
TGIF,
TGL,100
TGVSL,12
THACKER,75
THAKDEV,12
THAKKERS,-1
THAKRAL,75
THAMBBI,
THANGAMAYL,100
THEINVEST,50
THEJO,75
THEMISMED,62
THERMAX,62
THINKINK,25
THIRDFIN,38
THIRUSUGAR,
THOMASCOOK,100
THOMASCOTT,88
THYROCARE,50
TI,62
TIAANC,0
TIDEWATER,75
TIERRA,38
TIGERLOGS,0
TIGLOB,50
TIHIL,0
TIIL,75
TIINDIA,75
TIJARIA,12
TIL,100
TILAK,25
TIMESCAN,0
TIMESGREEN,
TIMESGTY,75
TIMETECHNO,75
TIMEX,75
TIMKEN,75
TINNARUBR,100
TINNATFL,100
TINPLATE,
TIPSFILMS,12
TIPSINDLTD,62
TIRIN,
TIRSARJ,25
TIRTPLS,50
TIRUFIN,
TIRUFOAM,100
TIRUMALCHM,75
TIRUPATI,75
TIRUPATIFL,75
TIRUSTA,100
TITAANIUM,
TITAGARH,75
TITAN,38
TITANBIO,75
TITANIN,0
TITANSEC,75
TLL,
TMB,38
TMTIND-B1,-1
TNPETRO,88
TNPL,62
TNSTLTU,0
TNTELE,38
TOKYOFIN,25
TOKYOPLAST,88
TORNTPHARM,75
TORNTPOWER,62
TOTAL,50
TOTEM,-1
TOUCHWOOD,12
TOYAMAQ,
TOYAMSL,0
TPHQ,88
TPINDIA,
TPLPLASTEH,75
TPROJECT,0
TRABI,75
TRACXN,50
TRADEWELL,75
TRADWIN,
TRANOCE,-1
TRANSCHEM,38
TRANSCOR,62
TRANSFD,75
TRANSFRE,75
TRANSPACT,8.33
TRANSPEK,38
TRANSTEEL,0
TRANSVOY,
TRANSWIND,50
TRANWAY,37.5
TREEHOUSE,50
TREJHARA,88
TREL,8
TRENDELEC,
TRENT,100
TRESCON,62
TRF,50
TRIBHSG,
TRICOMFRU,0
TRIDENT,25
TRIDETOOL,
TRIDHYA,0
TRIGYN,75
TRIL,62
TRILIANCE,-1
TRILOGIC,
TRIMURTHI,75
TRINITYLEA,62
TRIOMERC,62
TRIPR,-1
TRISHAKT,12
TRITON,75
TRITONV,100
TRITRADE,
TRITURBINE,62
TRIUMPIN,
TRIVENI,75
TRIVENIENT,0
TRIVENIGQ,38
TRL,
TROMBOEXT,
TRU,0
TRUST,8.33
TSL,
TSPIRITUAL,25
TTFL,12
TTIENT,50
TTIL,25
TTKHLTCARE,38
TTKPRESTIG,75
TTL,75
TTLEL,
TTML,25
TULASEEBIOE,0
TULIPSTA,
TULIVE,62
TULSI,
TULSYAN,0
TUNITEX,62
TUTIALKA,50
TV18BRDCST,0
TVOLCON,
TVSELECT,38
TVSHLTD,100
TVSMOTOR,75
TVSSCS,33
TVSSRICHAK,62
TVTODAY,62
TVVISION,62
TWINSTAR,
TWIROST,
TYCHE,12
TYROON,88
UBL,75
UCAL,75
UCIL,100
UCL,12.5
UCOBANK,38
UDAICEMENT,75
UDAYJEW,0
UDL,
UDS,33
UEL,-1
UFLEX,75
UFMINDL,
UFO,38
UGARSUGAR,25
UGROCAP,62
UHZAVERI,0
UJJIVAN,
UJJIVANSFB,12
ULTRACAB,0
ULTRACEMCO,75
ULTRAMAR,75
UMA,25
UMAEXPORTS,38
UMANGDAIRY,62
UMESLTD,50
UMIYA,75
UNIABEXAL,38
UNIAUTO,0
UNICHEMLAB,38
UNICK,75
UNIDT,25
UNIENTER,100
UNIHEALTH,0
UNIIN,
UNIINFO,50
UNIJOLL,-1
UNIMERQ,
UNIOFFICE,62
UNIONBANK,38
UNIONBE,
UNIPARTS,38
UNIPLY,
UNIQUEO,38
UNIROYAL,75
UNISH,
UNISHIRE,
UNISON,75
UNISTRMU,25
UNITDCR,62
UNITDSPR,100
UNITECH,38
UNITEDINT,50
UNITEDPOLY,25
UNITEDTE,38
UNITEDTEA,75
UNITINT,12
UNITY,
UNIVAFOODS,75
UNIVARTS,75
UNIVASTU,50
UNIVCABLES,75
UNIVPHOTO,62
UNIVSTAR,62
UNIWORTH,75
UNIWORTHT,
UNIWSEC,-1
UNJHAFOR,75
UNOMINDA,75
UNQTYMI,12
UNRYLMA,62
UNTTEMI,12
UPHOT,38
UPL,88
UPROTECH,
UPSURGE,88
URAVI,75
URBAN,0
URJA,62
URSUGAR,25
USASEEDS,0
USGTECH,25
USHAKIRA,62
USHAMART,75
USHDI,
USK,100
UTIAMC,75
UTIQUE,25
UTKARSHBNK,17
UTLINDS,62
UTTAMSUGAR,25
UVDRHOR,0
UWCSL,12.5
UYFINCORP,0
V2RETAIL,100
VAARAD,25
VADIDAI,
VADILALIND,38
VADILENT,75
VAGHANI,75
VAIBHAVGBL,0
VAICC,
VAISHALI,88
VAISHNAVI,
VAKRANGEE,38
VALECHAENG,
VALENCIA,
VALIANT,100
VALIANTLAB,8
VALIANTORG,38
VALLABH,
VALLABHSQ,62
VALLEY,-1
VALSONQ,12
VALUEIND,
VAMA,100
VAMSHIRU,50
VANDANA,75
VANICOM,0
VANTABIO,
VAPIENTER,25
VARDHACRLC,38
VARDHANCFL,
VARDHMAN,38
VARDMNPOLY,50
VARIMAN,0
VARROC,75
VARUNME,-1
VARUNSHIP,
VARYAA,
VASA,0
VASCONEQ,62
VASINFRA,0
VASUDHAGAM,75
VASUPRADA,62
VASWANI,25
VAXHS,62
VBDESAI,75
VBIND,25
VBL,75
VCL,12
VCU,12
VEDANTASSET,
VEDAVAAG,12
VEDL,75
VEEFIN,
VEEKAYEM,62.5
VEERENRGY,
VEERHEALTH,50
VEERKRUPA,
VEL,12
VELHO,50
VELJAN,38
VELOXIND,-1
VELS,0
VENKEYS,62
VENLONENT,62
VENMAX,
VENTURA,75
VENUSPIPES,75
VENUSREM,88
VENUSUNI,
VERA,0
VERANDA,50
VERITAAS,-1
VERITAS,75
VERTEX,75
VERTEXPLUS,
VERTICLIND,
VERTOZ,75
VESUVIUS,75
VETO,88
VGCL,0
VGIL,
VGPRFOO,
VGUARD,75
VHL,100
VHLTD,-1
VIAANINDUS,
VIAZ,62.5
VICTENT,
VICTMILL,25
VIDEOIND,
VIDHIING,38
VIDLI,25
VIJAYA,50
VIJAYTX,0
VIJIFIN,75
VIJSOLX,75
VIKALPS,62
VIKASECO,50
VIKASLIFE,50
VIKASPROP,
VIKASWSP,
VIKRAMTH,50
VIKSHEN,-1
VILAS,-1
VILINBIO,0
VIMTALABS,25
VINATIORGA,100
VINAYAKPOL,0
VINCOFE,75
VINDHYATEL,62
VINEETLAB,38
VINNY,50
VINRKLB,
VINSYS,0
VINTAGES,12
VINTRON,62
VINVANI,
VINYAS,0
VINYLINDIA,50
VINYOFL,12
VIPCLOTHNG,50
VIPIND,0
VIPPYSP,62
VIPULLTD,75
VIPULORG,50
VIRAT,25
VIRATCRA,62
VIRGOGLOB,50
VIRINCHI,12
VIRPOLY,
VIRTUALG,38
VIRTUALS,75
VIRYA,17
VISAGAR,0
VISAKAIND,62
VISASTEEL,62
VISCO,0
VISESHINFO,0
VISHAL,
VISHALBL,0
VISHNU,100
VISHNUINFR,0
VISHWARAJ,62
VISHWAS,16.67
VISIONCINE,0
VISIONCO,
VISTAPH,0
VISTARAMAR,0
VISUINTL,
VISVEN,88
VITAL,12.5
VITESSE,
VIVAA,
VIVANTA,0
VIVANZA,0
VIVIANA,62.5
VIVIDHA,12
VIVIDIND,75
VIVIDM,38
VIVIMEDLAB,
VIVO,0
VIVOBIOT,25
VJLAXMIE,62
VJTFEDU,50
VKAL,75
VKJINFRA,62
VLEGOV,33
VLL,67
VLSFINANCE,75
VMARCIND,37.5
VMART,100
VMS,62
VOEPL,
VOITHPAPR,25
VOLLF,75
VOLTAMP,50
VOLTAS,75
VPL,
VPRPL,50
VR,0
VRFILMS,
VRL,62
VRLLOG,25
VRUDDHI,
VRWODAR,12
VSCL,
VSDCONF,
VSFPROJ,25
VSL,12
VSSL,100
VSTIND,50
VSTL,17
VSTTILLERS,75
VTL,75
VTMLTD,38
VUENOW,75
VXLINSTR,25
WAA,
WAAREE,
WAAREERTL,12
WABAG,75
WAGEND,50
WALCHANNAG,62
WALCHPF,88
WALLFORT,38
WALPAR,12.5
WANBURY,62
WARDINMOBI,50
WARDWIZFBL,0
WARNER,
WARRENTEA,62
WATERBASE,
WATSSOFT,
WEALTH,88
WEBELSOLAR,38
WEBSL,
WEIZMANIND,50
WEL,25
WELCORP,25
WELCURE,38
WELENT,50
WELINV,88
WELLNESS,
WELSPLSOL,75
WELSPUNLIV,62
WELTI,50
WENDT,75
WEPSOLN,38
WESTLEIRES,62
WESTLIFE,75
WEWIN,25
WHBRADY,75
WHEELS,75
WHIRLPOOL,75
WHITEORG,12
WHITHAL,-1
WILLAMAGOR,50
WILLARD,
WILLIMFI,75
WIMPLAST,50
WINDLAS,75
WINDMACHIN,100
WINPRO,
WINROC,-1
WINSOL,50
WINSOMBR,100
WINSOME,50
WINSOMEDJ,
WINSOMTX,50
WIPL,38
WIPRO,62
WIREFABR,25
WISEC,
WITS,67
WMINIMT,-1
WOCKPHARMA,75
WOMANCART,0
WOMENNET,50
WOMENSNEXT,
WONDERLA,50
WOODSVILA,50
WORL,0
WORTH,100
WORTH,100
WPIL,75
WSFX,38
WSI,38
WSTCSTPAPR,62
WTICAB,0
WWALUM,100
WWTECHHOL,
XCHANGING,38
XCLGLASS,
XELPMOC,25
XOINFO,
XPROINDIA,12
XTGLOBAL,50
YAANENT,50
YAARI,0
YAMNINV,38
YANTRA,
YARNSYN,62
YASHCHEM,12
YASHINNO,0
YASHMGM,38
YASHO,67
YASHOPTICS,33.33
YASHRAJC,0
YASTF,0
YATHARTH,50
YATRA,8
YCCL,0
YESBANK,50
YOGI,38
YOGISUNG,100
YORKEXP,25
YSL,100
YUDIZ,0
YUG,
YUKEN,62
YUNIKM,0
YURANUS,100
YUVRAAJHPL,75
ZAGGLE,33
ZARCOLEA,
ZARDIINV,
ZBINTXPP,100
ZDHJERK,25
ZEAL,0
ZEAL,50
ZEEL,12
ZEELEARN,88
ZEEMEDIA,50
ZENIFIB,38
ZENITHCOMP,
ZENITHDRUG,0
ZENITHEXPO,100
ZENITHHE,0
ZENITHSTL,62
ZENLABS,12
ZENOTECH,25
ZENSARTECH,100
ZENTEC,75
ZEXDONTR,
ZFCVINDIA,50
ZFSTEERING,62
ZGAEKWAR,17
ZGOLDINV,-1
ZHEMHOLD,-1
ZHINDHSG,-1
ZHINUDYP,-1
ZICOM,
ZIMLAB,12
ZINEMA,
ZJEETMAC,
ZKHANDEN,62
ZKOVALIN,75
ZMANSOON,
ZMILGFIN,12
ZMULTIPU,12
ZNEWSAGA,
ZNILKENG,
ZNIVITRD,
ZODIAC,50
ZODIACLOTH,100
ZODIACVEN,12
ZODJRDMKJ,12
ZOMATO,75
ZOTA,62
ZPRBHSTE,
ZSANCHTR,
ZSANMCOM,-1
ZSARACOM,50
ZSARVAMA,-1
ZSATYASL,
ZSHERAPR,-1
ZSIYARPO,
ZSOUTGAS,-1
ZSPEEDCO,-1
ZSUBWAYF,
ZSVARAJT,38
ZSVTRADI,-1
ZSWASTSA,75
ZTECH,-1
ZUARI,62
ZUARIIND,75
ZWELCAST,75
ZYDUSLIFE,75
ZYDUSWELL,75
